vibration,temperature,current,rpm,fault_label,trust_label
3.5723027928227613,47.47230360895508,11.74673839034119,1533.6085958310439,bearing_fault,trusted
3.510409726857587,55.03052335522133,10.697678594899967,1400.091710598961,bearing_fault,trusted
2.115345299999035,72.06208412142959,27.447899282854287,1878.8151582812316,overload_fault,tampered
6.033247057292074,61.946390332916025,19.133385286710368,1425.4687378591766,overload_fault,tampered
0.8408328738712523,44.326914373558736,8.42093290411283,1528.8302324465328,normal,trusted
1.9789352104179703,77.2352701089734,26.834250116241545,1350.4696642206968,overload_fault,tampered
3.7154662120924478,61.20855324506927,10.518669939249863,1492.37793156003,bearing_fault,trusted
0.823503244659681,40.9288602457275,9.586791406271335,1493.8761187150037,normal,trusted
1.898718874797057,88.45955024921814,16.50228171944539,1502.4774757540733,overload_fault,trusted
2.7478413337069076,58.606120918446784,11.250104968619663,1471.337609782306,bearing_fault,trusted
7.61039740638894,44.251799122585,12.563532210697414,1515.4488142292576,bearing_fault,tampered
1.0638771022664018,40.092751834098095,8.124561684969057,1573.740965664735,normal,trusted
4.96864827307505,20.741020122452525,9.218203015094515,1550.1016989874595,normal,tampered
0.9385308725114155,36.616657705324855,10.11675063531582,1464.3589563673559,normal,trusted
0.964411485575835,40.23696614902003,7.561893947717797,1502.3644419428288,normal,trusted
2.212445767437192,76.53385406422917,21.697617215908995,1424.2097144156126,overload_fault,trusted
2.029216782551053,79.48381733457873,17.833963145180398,1449.076966825125,overload_fault,trusted
3.8329740444158102,54.06856939173758,12.21111074362113,1480.0953204949249,bearing_fault,trusted
0.9134130359748583,39.40934290388827,10.697547493215561,1524.1871898053407,normal,trusted
3.292894724704054,60.84898974352883,13.082197330599305,1470.4145261684441,bearing_fault,trusted
0.9520335932452283,40.239018217802695,2.5920182589325957,1163.6256886886545,normal,tampered
3.6147037920457614,54.55760544567103,10.958878532607393,1483.2146681018269,bearing_fault,trusted
4.386820809075673,40.03100668954706,10.894059357546524,1502.4673680157407,normal,tampered
3.8199985093888,55.72239938061676,12.432826904793437,1024.780089125607,bearing_fault,tampered
3.3440502306179942,53.28940589074614,10.632787108698002,1433.0912499038607,bearing_fault,trusted
1.05134685288339,44.655640360367464,10.235674274046703,1502.6389840101122,normal,trusted
1.0237348098330223,35.8659721694564,10.127438227063713,1481.2660551679298,normal,trusted
1.0941812843929761,40.32845607834126,10.333094518511164,1530.0666120362207,normal,trusted
2.0517488297096995,85.1920331823802,21.568227388268557,1434.5380977916357,overload_fault,trusted
2.3221908624313214,82.40213838841821,20.429355296846246,1306.1612129044206,overload_fault,trusted
0.9926181184474435,37.70351409687325,2.205167128686826,1495.2696237538655,normal,tampered
6.652915439393032,49.574266877055024,12.60793953373944,1477.8842635382014,bearing_fault,tampered
1.0342991367523051,41.331438128149316,11.169884210778688,1548.031982000328,normal,trusted
2.10563362001455,74.22470851413507,20.450765715237683,1384.106721339581,overload_fault,trusted
1.447876491043641,74.61401234972662,17.74167504492484,1429.5259110813658,overload_fault,trusted
2.2465813394737,81.44828836269595,22.436658024937103,1492.595564173189,overload_fault,trusted
2.80420355737145,58.17353033571061,12.337677018704694,1420.8358807302548,bearing_fault,trusted
0.9406792059780767,14.850283826739862,20.254632962122493,1566.1660647646058,normal,tampered
4.14499153905766,37.89596755070848,10.774040332792909,1860.8993271607737,normal,tampered
4.507696416285379,41.897128577697394,9.756551864408166,1506.6048837193925,normal,tampered
2.0961844181555054,84.27244569194681,15.473314318676593,1375.0739094687488,overload_fault,trusted
1.618656387032278,82.68035001678214,18.26709883521541,1429.4190661491584,overload_fault,trusted
1.8138721381239642,78.67052818464876,19.806660637635854,1399.6385263615753,overload_fault,trusted
0.8771803008853762,39.046280354114614,10.837852228859006,1492.4664440198346,normal,trusted
3.2810354379189697,63.22915295880349,9.933855194978852,1450.1289839093401,bearing_fault,trusted
3.744562986651449,50.20791360141562,10.770055511741777,1495.6111398840385,bearing_fault,trusted
1.0629025411375326,41.096091226191305,9.386226345175487,1498.0245616089512,normal,trusted
4.050746849474412,58.48028569558721,13.24742633682368,1418.8430359868958,bearing_fault,trusted
5.933691562337594,61.06839989677227,11.639713883241903,1889.2846582836462,bearing_fault,tampered
1.9110104707255997,73.7765652934468,19.318953176712462,1401.0444372589964,overload_fault,trusted
2.8846474131009745,59.651938778279906,13.650369167819044,1506.5136921755873,bearing_fault,trusted
1.0311450118685845,39.72904296923461,9.974916239458798,1098.6993725273142,normal,tampered
1.0514507726153937,41.12315935511879,10.550208905279899,1516.1076523802271,normal,trusted
1.1122656550558179,42.53644932544556,10.62775097290535,1457.6360445276025,normal,trusted
3.2122551988529136,56.60911689166962,19.99679849596869,1928.1985365397593,bearing_fault,tampered
6.538276681022628,61.07944894760878,19.891287685799,1413.6586193571172,overload_fault,tampered
1.0702297037630628,15.685382045196967,20.808050957491943,1491.7336894218572,normal,tampered
0.8999957432860713,40.29224023887335,11.37788795359652,1522.150391324505,normal,trusted
0.9023472726102547,38.86058046463032,9.98636968853003,1503.5865328486104,normal,trusted
3.3361993842098214,50.9927442613791,11.707328706648145,1499.0839245023858,bearing_fault,trusted
0.9875814078320847,39.16989972974286,10.434286579582077,1433.1582982988803,normal,trusted
1.453390444918724,65.79884052619227,19.149079739133484,1342.7127166657622,overload_fault,trusted
3.1740436919767845,57.31323506540239,10.977034833777598,1425.3189431746223,bearing_fault,trusted
0.9595209805517793,39.567917019835974,10.39383752955043,1507.0297604046575,normal,trusted
0.9904338146912322,40.11574336894275,9.574498004845793,1473.3302966660553,normal,trusted
1.0149636733181617,82.25127066321073,10.402920230019243,1515.607492191846,normal,tampered
4.167673125418948,60.19486320209092,11.795478460826802,1540.4604847157543,bearing_fault,trusted
0.9269959004915178,37.99498489493589,18.70052442548264,1491.704164443608,normal,tampered
2.6502543429686485,80.75393939564417,20.409459866186385,1446.7618278664065,overload_fault,trusted
1.8041966040238218,81.33442980959643,20.639532761178938,1384.1272936072673,overload_fault,trusted
1.132539403024668,9.374512422437327,11.79106533313154,1204.1481320146063,normal,tampered
3.609921767537278,52.5915014115854,11.088337623831247,1463.174551960802,bearing_fault,trusted
1.1529336660329488,39.38779145485469,10.072640018888038,1568.8144614981456,normal,trusted
3.0771248099972976,51.35274092668796,12.845984179756792,1415.3789241258953,bearing_fault,trusted
2.274413514145479,70.6991812425894,19.4692762287805,1435.0545107367973,overload_fault,trusted
3.2632293955659355,52.98155298183446,12.46022467320629,1478.879855892571,bearing_fault,trusted
1.064716546353145,72.81922512320952,9.907040572512196,1154.7829777188842,normal,tampered
1.6354731023320899,78.53993081465299,22.039693716957117,1534.0017050919134,overload_fault,trusted
3.9632557505234143,0.8314299433456256,10.218657005229499,1476.0037552674607,normal,tampered
3.1480288925373014,54.33440834358702,9.57882214261081,1436.0921706257286,bearing_fault,trusted
0.8469176411994493,40.83659285394172,9.928543677839412,1483.8640801796707,normal,trusted
1.1584793986633801,38.407070486332856,9.389248546151471,1525.613468801231,normal,trusted
3.8071281175703797,57.069230962729314,2.0228139560504097,1493.8799216487362,bearing_fault,tampered
1.813079279012936,91.95715281788567,19.869617094459283,1411.2662914010114,overload_fault,trusted
0.7724817761024723,9.992699754492918,17.274117759355843,1527.8335054225815,normal,tampered
1.664777586864818,76.6013500201295,18.705799089235402,1402.0409474815438,overload_fault,trusted
1.7461926153401592,84.40489929758766,20.851961688236496,1505.8715245373623,overload_fault,trusted
2.206885984053371,52.808535248267404,12.23122420929452,1850.5203157068563,bearing_fault,tampered
0.1417813585181702,60.311762303355295,3.9269306729376865,1477.263263014652,bearing_fault,tampered
3.5461067439529823,52.57214882542249,11.895142612216967,1462.0375253450397,bearing_fault,trusted
1.0649357932965438,42.084011834885224,9.7645218211782,1483.811751562001,normal,trusted
1.0183075014522962,40.02551688016946,9.373456110627865,1463.8788714193447,normal,trusted
1.1080221476823955,38.86094042457232,10.483994700543098,1500.991436077903,normal,trusted
2.526702179069695,80.18837482375622,20.381218141535427,1327.9488471131576,overload_fault,trusted
-0.9740745456850712,66.2436491744643,19.137846172125666,1394.5429679902552,overload_fault,tampered
0.9782522758543959,35.215374207953204,2.2076890783225718,1514.7765331503103,normal,tampered
5.512947672680035,56.15209786584785,20.99068979439604,1454.326539638315,bearing_fault,tampered
1.0667840131301516,41.686818615743476,10.585193926352748,1526.4201662365915,normal,trusted
3.679538901753806,58.63140568618785,11.511588343934463,1499.642412915769,bearing_fault,trusted
4.015005630423227,65.49913398614406,11.22690650484492,1470.3765263965404,bearing_fault,trusted
3.288209556413035,57.04640061095949,12.89817179050729,1482.6454164969066,bearing_fault,trusted
4.267316389853603,55.74499385276603,13.235478597464146,1501.7876828257051,bearing_fault,trusted
1.0771992153626853,42.30046861535273,9.73815565579598,1543.3259290771555,normal,trusted
1.6257471541818127,49.64818526568398,31.879465342326313,1428.1282412249227,overload_fault,tampered
1.086547044735975,78.95489191029779,8.530791838099942,1484.3178043050214,normal,tampered
0.8765794910870477,44.050510153786036,18.603714893738086,1938.7915740194499,normal,tampered
2.0566028445078572,73.97867344035633,17.683887851031237,1542.5084192351803,overload_fault,trusted
2.081526155459942,73.79414947147454,20.384065639097386,1414.0701104532582,overload_fault,trusted
0.7199660656182034,38.53276759564323,11.42174627220618,1487.2450053677514,normal,trusted
1.0188458280934414,29.054761524355648,10.714284653058364,1517.492583650353,normal,trusted
1.0585589644965505,19.633348434356016,20.161326034107585,1510.5250089636204,normal,tampered
7.362716992999603,52.7954529532155,11.804997584509623,1467.6014845701795,bearing_fault,tampered
1.099358581215647,40.30609389172172,10.952244562808094,1495.0509065211118,normal,trusted
1.8474810837899582,80.48304560485101,19.686650686106127,1450.1528900863975,overload_fault,trusted
3.617773474149398,56.855075105234754,11.616472206778205,1858.9132130313387,bearing_fault,tampered
4.213734592522175,55.971786837435815,12.552601180354618,1517.1532997046595,bearing_fault,trusted
3.1112654023878927,66.54949627963691,11.311327959677365,1479.3085792774107,bearing_fault,trusted
2.3425129531399227,59.02829460443003,13.170497093426755,1396.7756487052307,bearing_fault,trusted
6.6219774550273565,65.06096689166456,18.244817841798593,1444.5909090204648,bearing_fault,tampered
6.103650914847097,52.09401337856629,18.25864916235742,1469.6808236100171,overload_fault,tampered
1.9177865843052229,112.05355428385205,17.968129036292,1422.045973227227,overload_fault,tampered
2.194394919108218,120.19480439856217,20.17246276334389,1428.4002092140347,overload_fault,tampered
1.039359458045693,43.725879990441435,9.139411233083814,1469.8306175640319,normal,trusted
1.0655054605286973,11.878197435475485,20.268998597081897,1471.7638811994043,normal,tampered
4.500690375147113,58.19613963880878,10.837533914674724,1403.875123287614,bearing_fault,trusted
0.9588586416508196,2.418300650400411,9.753977788226388,1544.4515026874424,normal,tampered
2.348856890994902,81.47134955270509,20.82483878984304,1429.8151119390054,overload_fault,trusted
1.1327546452071866,42.20674927728512,9.213267217072776,1511.893300107165,normal,trusted
-1.3138612921062314,79.46730277792898,19.129058751100434,1310.7316740575814,overload_fault,tampered
4.045030897380008,39.23253059727225,17.33503826256044,1513.5993088447726,normal,tampered
3.3993785138972465,61.53243877898568,3.8414876094335266,1443.3804246562886,bearing_fault,tampered
1.0922324518595643,16.684623463858934,20.688494017869573,1498.5328101065186,normal,tampered
1.7052318527706807,77.98953205547879,18.808814088881135,1285.1554256693878,overload_fault,trusted
1.848892017722469,77.92381918428286,20.546075356246664,1362.2971264244884,overload_fault,trusted
4.556644891425069,57.31144279609716,12.176769678225904,1432.553614411173,bearing_fault,trusted
1.0941945146425502,5.65820800926172,9.528094934756956,1057.242175844564,normal,tampered
1.9373605380731238,29.260507309956893,22.82534189505492,1333.5503372875357,overload_fault,tampered
1.0757545871006249,38.53074945129637,11.018306215003731,1485.8893063074484,normal,trusted
1.1015900783012085,42.88797271746052,10.196296807196266,1486.2226885046034,normal,trusted
3.742517747412844,58.75940741644646,11.370655389435603,1474.3021263552278,bearing_fault,trusted
-2.4603376565694886,38.711582062316495,9.478340344477765,1538.021407090556,normal,tampered
0.8121089113383383,41.23591474638026,9.360955404085615,1473.5673203204042,normal,trusted
2.3957925945761405,82.77429735231513,21.065753620495464,1336.7972016856065,overload_fault,trusted
2.1200458891660126,74.47161747527574,18.42610912320682,1473.5998763525474,overload_fault,trusted
2.032729413335596,76.10536094902564,20.21739837811506,1368.655860698077,overload_fault,trusted
1.1327207549803344,15.257997195015648,20.17770579403956,1498.5193346014591,normal,tampered
2.4404139585848186,80.5331499008659,18.413569408061647,1843.512735117183,overload_fault,tampered
0.9214254765484732,39.15161275255729,9.638892439228483,1579.5547139092787,normal,trusted
1.3496634959208795,42.59790591525146,10.08908034351849,1522.09334148235,normal,trusted
3.7233797314259736,59.91506575225842,11.555555476206901,1405.7474865189008,bearing_fault,trusted
7.455205683516105,64.09935412075191,13.616909198754014,1465.392833397805,bearing_fault,tampered
2.345175433097908,110.44187016009585,21.344492823114418,1415.3322826034107,overload_fault,tampered
1.0315299070176567,44.30590046993632,8.699132409098787,1515.8898471006435,normal,trusted
3.160429967815345,52.276998811065916,12.117836075517632,1533.898001076711,bearing_fault,trusted
1.7775205980420805,75.34543455132227,19.080192590151004,1408.2147025234274,overload_fault,trusted
0.27410617295860984,52.71333078261667,11.302295429362255,1440.5679734259181,bearing_fault,tampered
-1.9410256892072493,34.85272514686505,2.4630809638954627,1588.224804225529,normal,tampered
0.9216500626402345,43.98589320054831,8.632619116871876,1476.1434906614347,normal,trusted
3.278936282082703,57.83804361609281,11.247665162533181,1420.4995430812744,bearing_fault,trusted
2.1458135204803463,70.31051694650756,21.716369387218432,1419.0731825122948,overload_fault,trusted
1.7033939809808545,78.40446161709154,20.261007483561436,1415.874416886155,overload_fault,trusted
2.5795072854147443,59.649514407969804,13.592501633672295,1512.528638367809,bearing_fault,trusted
1.3393323652779006,79.5660690779886,21.783550413260283,1528.1890879197647,overload_fault,trusted
5.058282675102862,19.80486298184357,9.819546383145116,1517.5422914489975,normal,tampered
4.795848611685188,58.24393552517315,11.43721759531829,1520.7143813526504,bearing_fault,trusted
3.9163199568099145,64.35535935430072,10.962749053734377,1508.7040281419734,bearing_fault,trusted
3.686629913389131,22.90654296641688,22.464778862100523,1507.6949640095088,bearing_fault,tampered
3.31895531455934,94.93677023997209,14.022195056925572,1814.8424438449854,bearing_fault,tampered
5.301258970416369,79.66536269732899,18.821905946089704,1456.1936986446062,overload_fault,tampered
2.081627522952722,72.31844606365868,29.91574500603218,1874.0616584634456,overload_fault,tampered
2.3222111263962844,71.55351810532548,20.620833484421446,1484.42407606267,overload_fault,trusted
4.207553362771924,33.7985819219777,20.293029995215548,1390.8868202998374,bearing_fault,tampered
3.628447795999923,57.42772494840846,10.553692645469887,1451.0619819297626,bearing_fault,trusted
1.7172594269235306,81.69801839124607,17.917244797916943,1381.9243811260772,overload_fault,trusted
2.002347438274839,83.09225804364176,19.53301452277504,1393.338622910084,overload_fault,trusted
3.690031339906988,58.05712257680656,11.450512822439036,1484.849790929953,bearing_fault,trusted
5.049170146354795,22.949719908336213,9.709911239650467,1529.903463123743,normal,tampered
3.154098374103404,52.76908890134706,11.995821206587342,1427.3737544896815,bearing_fault,trusted
1.5668551453308737,78.43932726280197,20.648795824653376,1423.4968470252113,overload_fault,trusted
1.8051027348775592,75.22525237179349,21.20712399525585,1435.5698407540888,overload_fault,trusted
2.1911246300866987,79.76855317233182,21.123684757904872,1264.7080531003187,overload_fault,trusted
2.7467325638055704,53.103029165486156,13.618295889557384,1455.4097737533664,bearing_fault,trusted
0.9214860067974934,41.8545721439959,9.205041698314814,1541.8718819879587,normal,trusted
1.8481312016279214,81.31313691260792,18.85984783838113,1399.3581217668957,overload_fault,trusted
0.8781918513125421,38.25483595239326,9.970200597958298,1514.6474676092635,normal,trusted
1.6767115528701264,74.49810598875851,20.458572904584255,1385.2621005734754,overload_fault,trusted
3.248743928818145,50.749103148948684,11.843208209304244,1499.013043117907,bearing_fault,trusted
1.9549528887526058,77.62013848293324,11.123188300753469,1361.8054977401737,overload_fault,tampered
3.0879640009746914,58.47255746683786,13.39282184931697,1470.801297966899,bearing_fault,trusted
2.198291319190047,76.90589485485215,18.7161741194955,1376.874138557652,overload_fault,trusted
3.3462560194458213,91.2558365273567,11.232672806558623,1856.0975434148108,bearing_fault,tampered
3.701420539412397,65.22171851046716,12.554064836445871,1475.587435446002,bearing_fault,trusted
3.987066438555246,52.1612404120079,11.985864740789372,1462.4313579647871,bearing_fault,trusted
0.7608327554735013,46.84489863182819,10.951027291483099,1509.7416528849676,normal,trusted
1.3786929473604173,83.88611956115832,24.615896688570594,1828.6452410694585,overload_fault,tampered
0.82514130161732,42.72580407967634,10.429037575344715,1518.9395793376314,normal,trusted
0.8899541264247087,3.8980407916606197,8.613359164281537,1471.3323867599984,normal,tampered
3.94590546270946,54.966255786762176,11.066329215582098,1447.3492487018782,bearing_fault,trusted
2.2085427282553893,73.4874098860082,17.954354288255047,1396.2331855955263,overload_fault,trusted
1.0551262926059934,42.25036543641083,10.772136394182933,1481.9295841098472,normal,trusted
1.2859122739220887,46.287996250676315,8.977529309830558,1499.687314623781,normal,trusted
3.9786988141052273,54.21485217074767,12.649046128955684,1461.2357897971192,bearing_fault,trusted
2.0294801180331468,74.01014707507228,17.908611280666136,1416.994480699619,overload_fault,trusted
3.584665916202192,64.3296681327841,12.017750972207175,1472.3124001696283,bearing_fault,trusted
3.1393622569637953,63.73425877575023,12.137237128967625,1500.4301450881167,bearing_fault,trusted
3.2908764435648847,65.58012562274763,9.361721923708892,1501.3613398103832,bearing_fault,trusted
0.9024470685627609,40.868077470871334,10.536982409290959,1498.4054655635912,normal,trusted
-2.0086894806596653,45.10237827528495,4.417207425989396,1522.888173732303,normal,tampered
4.9528170070608155,85.96670928679868,16.773643148744135,1800.9381907895336,overload_fault,tampered
2.2395917783145918,77.90620731262017,19.52365484791079,1321.6189175060026,overload_fault,trusted
0.9487296824396159,39.96304212121207,10.79082549028117,1428.8933150967941,normal,trusted
1.0612849539056217,79.05778172926964,17.261039154745248,1514.9256595669397,normal,tampered
1.040986666112861,39.387794246683455,10.185025618194691,1433.5764925035078,normal,trusted
6.976887551287044,48.405838721487314,11.435961590620677,1553.195185848932,bearing_fault,tampered
0.8849340879005201,40.73231316693506,8.57841068853914,1477.8769962016881,normal,trusted
0.7891933861025701,42.92099053403227,9.640023694508281,1513.7630421944689,normal,trusted
6.874142825064413,38.90435113207827,12.521275930454088,1435.2062494062557,bearing_fault,tampered
2.5078730135383136,86.04033968847779,20.425638506528706,1409.4593812459414,overload_fault,trusted
3.0811698309314868,64.78668791999903,11.77601783625423,1479.4373511420295,bearing_fault,trusted
2.2332775680689787,61.79878486509072,10.717455370296012,1396.5083428881621,bearing_fault,trusted
0.8761284795306596,38.478684158715275,9.352437016722138,1503.9829847869103,normal,trusted
1.871177077252839,76.04799638958873,21.372606131252134,1424.9950243674487,overload_fault,trusted
3.3197685901048937,14.569516786295992,12.579093903508738,1412.5107892188842,bearing_fault,tampered
3.8617323865690896,56.330555942442686,12.114349109820596,1454.458592495787,bearing_fault,trusted
6.306322632081054,21.222666662762983,13.032013097679421,1429.3143612048116,bearing_fault,tampered
2.8916703719168506,39.394748348177316,20.116671598773177,1454.535602560963,bearing_fault,tampered
1.4820850294337644,74.30830132341396,19.103116891585714,1444.7422215498277,overload_fault,trusted
1.1405496512160784,37.750559985146445,8.462796375561089,1439.2885976071982,normal,trusted
3.910539601913748,56.40896763933708,10.967020774301469,1537.9448814559696,bearing_fault,trusted
3.1840439165462677,59.00411062730836,20.588570015637714,1548.008536729895,bearing_fault,tampered
1.8383602002052255,79.24845285884577,27.21273476267941,1715.4729072398175,overload_fault,tampered
1.7408560342459014,81.63486480682272,19.569592347194693,1398.034681244562,overload_fault,trusted
3.423675434160121,55.5490194326099,10.162038516945026,1406.3919055609038,bearing_fault,trusted
4.273731251466783,48.53588318472292,10.279817454172047,1562.7981122765004,normal,tampered
1.0732890586955433,41.20524675795924,17.690482759478996,1546.2318500934455,normal,tampered
4.846489523338968,24.29329749676789,10.983459945052331,1510.9632784581152,normal,tampered
3.87901170736863,58.67002238083955,11.74498434734014,1516.0534399851729,bearing_fault,trusted
6.788178564309515,58.729302154123545,19.644724754064207,1504.5308649594788,bearing_fault,tampered
3.801353908978193,58.577747615822325,11.047488431906494,1483.0269269435064,bearing_fault,trusted
0.8825870943950278,14.367843062769715,19.046014458574017,1529.6143836066963,normal,tampered
1.9115149414781882,80.19628678499507,17.575201738843774,1373.0778073808638,overload_fault,trusted
5.573661515431966,80.44558233252981,18.29605711383641,1396.7330780455527,overload_fault,tampered
1.0212875337564329,40.27222769125652,10.197346519688596,1483.3920473233336,normal,trusted
1.0157782980166543,35.233307307463825,9.580981777167011,1509.6886905265787,normal,trusted
4.041607963109764,62.79256429528741,2.213152349414223,1490.2394321715508,bearing_fault,tampered
2.4691577941553797,80.2268076162587,29.810177660851473,1464.3435988016497,overload_fault,tampered
3.1017165000384823,56.688586894919695,13.15221899665267,1461.6485094808177,bearing_fault,trusted
7.06495146159736,62.4869531266249,13.88569166578559,1416.7430305109012,bearing_fault,tampered
1.8919475406647226,71.68389496730082,17.688751597437136,1365.591487479107,overload_fault,trusted
1.7376500142473654,78.70823300194245,20.711876379409283,1389.0661981350145,overload_fault,trusted
2.010632518911898,76.36689603198627,19.823277043264028,1424.7234430108647,overload_fault,trusted
1.0876929629366374,39.18953461198871,9.046083735646054,1487.0251365434412,normal,trusted
0.9842696019174728,36.447615004305185,10.527587371401516,1533.9674293302305,normal,trusted
1.2569977121044553,41.18780162329247,9.024099404126783,1446.7230253683001,normal,trusted
0.8985206760679183,39.88438521446976,8.551829343130546,1504.4157818750841,normal,trusted
0.9655139966140989,43.13659682436904,9.81883633236469,1498.514816647231,normal,trusted
1.077272655193223,41.901731133201224,9.672280857305598,1507.1647340107186,normal,trusted
2.2690482721697847,65.07020867699937,22.838275650452346,1429.5244196094238,overload_fault,trusted
1.02985447717613,35.13725944507554,9.508732179724506,1452.1220202916347,normal,trusted
3.227802882611109,57.29858106129701,12.214313485921508,1413.577670589619,bearing_fault,trusted
3.114274126542305,50.15746080981202,20.894927691449247,1543.8407927472442,bearing_fault,tampered
3.267631404319496,57.76823148709617,10.49705891275276,1493.7849067596749,bearing_fault,trusted
0.7297867251257144,36.78489601941477,9.65871601355272,1472.5550197285356,normal,trusted
2.1350040351378508,72.42807130846607,20.434970747740245,1488.1215368751286,overload_fault,trusted
7.446607732001819,66.39624743873053,11.859038138509483,1580.7664386310867,bearing_fault,tampered
0.9540175214636815,45.38311016380108,10.219073918646766,1516.4438723121739,normal,trusted
1.2416211264220673,67.7191593488862,19.421649197037127,1423.0765931770552,overload_fault,trusted
3.4101161332691814,49.7688315551501,11.369228294808776,1497.6360985852518,bearing_fault,trusted
1.6916884388910356,41.58427090095837,20.840739057647536,1078.7223168049607,overload_fault,tampered
1.9988964637813262,75.85317125930094,17.067547183613296,1471.8734362293967,overload_fault,trusted
1.1117887615449094,39.23250378597753,9.026625265290875,1507.0470698625222,normal,trusted
2.0213586856218493,69.36379034688716,19.88482193678715,1367.896902738094,overload_fault,trusted
3.53052254124869,57.31900145608011,11.394360248341666,1537.6059962074198,bearing_fault,trusted
2.152776609139683,72.7188723051827,19.113860365031055,1403.1238147942101,overload_fault,trusted
1.846813523318187,78.85218617400683,17.553743310331157,1408.484462092794,overload_fault,trusted
1.7047928591888546,68.57001652936147,17.598582843909465,1947.207934867628,overload_fault,tampered
1.0750254316695358,37.28070682216851,2.327948467984454,1468.5693786305028,normal,tampered
2.149598661250277,65.40114934485653,11.41297560893295,1443.6209695539462,bearing_fault,trusted
0.9771218730993809,40.00932565055691,10.821524597056495,1545.1475394516385,normal,trusted
3.6563685466852136,53.17271661044068,13.133602358005998,1528.9024420441408,bearing_fault,trusted
2.341298585481007,47.402657621493546,29.598997197930217,1356.5098547034233,overload_fault,tampered
0.8671545181547815,39.67079745510945,8.518270515679038,1443.713496607596,normal,trusted
3.1303610192351847,60.44813071936201,11.7434744426574,1552.639066833604,bearing_fault,trusted
1.8118646347004865,89.90817274374645,20.712184728026557,1400.701936325944,overload_fault,trusted
1.9058128250491237,86.56184498198618,19.453605105841067,1454.1487635147187,overload_fault,trusted
1.0076773253642626,40.88809923112785,17.161126684137926,1530.832321211972,normal,tampered
1.9729263243531232,83.82353080109822,26.047490206219287,1018.6393443484803,overload_fault,tampered
1.1074221978366023,33.74679353503458,8.628411283603103,1450.7724780545718,normal,trusted
2.024655305620327,78.25538097872351,21.78507376789963,1459.2765128756207,overload_fault,trusted
1.976437092747746,52.94113506916739,30.05570402306545,1452.3875296775636,overload_fault,tampered
4.1914978366802895,90.93980243560242,13.281290356169706,1433.3761557366713,bearing_fault,tampered
3.142847693082281,67.82317759941543,10.30743932642839,1414.3946888633268,bearing_fault,trusted
3.7517831026215176,51.25662171813021,11.782490793369714,1467.6066681727316,bearing_fault,trusted
2.2454572715218375,95.09295076387392,20.78202657439192,1081.3431153900833,overload_fault,tampered
5.646586279486864,88.20125453205503,19.439586432662015,1775.2875590244487,overload_fault,tampered
2.2500638354195504,43.88565035047439,29.06411656382564,1376.1605548125808,overload_fault,tampered
3.8996759375608585,52.2593335259777,11.123881168300862,1465.398880820144,bearing_fault,trusted
1.0851594238765452,12.504716477211574,20.007076245357556,1462.9743307414194,normal,tampered
0.9796150619704312,73.634647997884,9.522902665890578,1206.222640272075,normal,tampered
1.0548130285068893,40.67667951853054,8.799464477774528,1563.5784448649038,normal,trusted
4.086836439993897,51.00804044654999,12.554391335173634,1426.0400338625652,bearing_fault,trusted
1.0211814905646937,43.678878866946846,9.534724852574715,1533.4021915182093,normal,trusted
2.8843280942469565,36.270048200746686,20.12171495763668,1361.387445217137,bearing_fault,tampered
3.356628183898681,55.90208078674499,12.633200434709309,1457.478298273459,bearing_fault,trusted
3.5412843186246463,52.26849547135666,11.866868128263068,1490.457946060537,bearing_fault,trusted
5.922979822073744,54.58742715159211,18.33873709314679,1329.3616440730048,overload_fault,tampered
1.84529176731663,44.46855285748072,21.358052062469863,1740.3837722822911,overload_fault,tampered
1.6701894790253926,80.92168656298085,22.97132960063295,938.3737925910225,overload_fault,tampered
1.796791449288142,74.50910930832515,22.336455116025107,1346.3192968113954,overload_fault,trusted
3.2930423627176237,51.93482207400646,10.812802601032633,1480.1397902170143,bearing_fault,trusted
0.9926892334350478,14.503048572947932,20.65416928501033,1424.6671962001,normal,tampered
0.751241987681045,38.65852702801016,10.303750064491187,1607.0835930148887,normal,trusted
1.1336391648089559,70.3324817650052,10.073741686021467,1861.6599886226288,normal,tampered
2.2845595669446244,56.17034136476426,13.116632656161606,1460.4222535308447,bearing_fault,trusted
1.0243848320072686,41.319771900062996,10.488801567860207,1900.4168855687021,normal,tampered
3.629102906072936,56.2678187390745,12.773691891098768,1427.9660968162082,bearing_fault,trusted
2.784778134775696,57.10166255859677,21.233154926316338,1450.6620449273637,bearing_fault,tampered
2.354158374538672,70.12661028244469,28.948626583196354,1403.8283689809277,overload_fault,tampered
-2.007211069730616,38.04611162091957,2.5663353622443985,1487.4696742938143,normal,tampered
1.6405075774750384,74.674123732721,19.100238387510057,1307.4984717101372,overload_fault,trusted
0.9548612714523881,41.233515754047886,10.834994718176395,1466.731232748499,normal,trusted
3.1807978853210677,63.850332021098275,11.559363845613603,1468.5807548056005,bearing_fault,trusted
3.62438614026333,63.860564637383476,12.00450506550935,1493.9028499657734,bearing_fault,trusted
6.054489738458505,56.12964392226934,19.641065042185392,1436.0155649236854,overload_fault,tampered
2.869012743274296,62.755825853894635,9.968066809956296,1456.2529100553047,bearing_fault,trusted
1.9092447158557313,82.05191194795864,21.03696039513914,1349.3726458703331,overload_fault,trusted
2.427621776693744,82.97425839013133,19.864339779509578,1757.4086305374483,overload_fault,tampered
0.8725102705768524,42.4170359177275,11.182623148572848,1523.2502305719472,normal,trusted
0.8963985682312742,32.64738361437974,9.77090709130786,1526.2551892131316,normal,trusted
1.093332086690191,42.24766878160256,12.213948713625808,1544.3021223808294,normal,trusted
5.980193488459878,53.33581863163768,21.016099820538805,1365.605782089161,overload_fault,tampered
0.9643211964762838,42.41371090475451,10.397074427472585,1566.0773390035313,normal,trusted
2.568786589954492,76.39794276544899,28.33837721546187,1095.6464973831498,overload_fault,tampered
1.9969922444039658,75.82297679619907,20.785209132720578,1352.4867993774872,overload_fault,trusted
0.8466474910816457,37.00086331399186,10.895600544642333,1497.4373586605664,normal,trusted
1.1363258420266513,38.114886675641564,8.250846416999545,1472.8233957148072,normal,trusted
0.9606792286765647,36.86486887124109,10.136141554553546,1435.0116359320941,normal,trusted
1.3117208471914998,39.345912615686736,9.2679002724164,1513.8742975772473,normal,trusted
1.8767628462798378,82.332427155246,20.54142307152302,1470.2620744731116,overload_fault,trusted
0.9658139120340911,32.044874995242395,11.272175044497423,1500.2522471131729,normal,trusted
0.4933329184305255,57.12896476486845,12.622492623239909,1098.8995237652102,bearing_fault,tampered
1.0531054749044864,39.562568625733554,11.257068652865893,1475.56224890936,normal,trusted
0.9572483234726289,39.5576725302455,10.113135578672436,1535.3033924584195,normal,trusted
2.5258125327249843,74.83261003604491,21.991580589771395,1321.9929447863537,overload_fault,trusted
2.85803487315968,51.01563545358607,12.475502333151882,1500.3624927562607,bearing_fault,trusted
0.9364672687160711,42.032204106076904,9.279446253029858,1479.5184042875546,normal,trusted
0.8221377523068615,42.66027716321422,8.988366406441669,1477.7984152266058,normal,trusted
1.0984634170500902,41.26068012842376,10.347207858760086,1530.5997187621672,normal,trusted
3.2524490218159543,66.67511499886938,9.827801860144412,1443.065216935785,bearing_fault,trusted
2.916638193742043,26.48316695041992,20.957540988906214,1550.2568191584087,bearing_fault,tampered
2.7687891951686097,56.06094657312863,11.390442147736364,1456.569798352945,bearing_fault,trusted
3.557919884404614,41.68366648737987,20.56997819610725,1743.949920442424,bearing_fault,tampered
1.7300960269707193,78.34851843955063,17.186323825884266,1390.967690783573,overload_fault,trusted
3.422440979800663,93.62785795461188,11.652906817884816,1532.2401543481158,bearing_fault,tampered
1.0140022970968874,40.393173478138436,8.806315331621606,1528.6770083970912,normal,trusted
1.0262426316074815,41.096423417928506,10.04276633009398,1591.1269204562643,normal,trusted
1.012020356559217,4.5858587741553976,10.180886408035498,1813.4630878893688,normal,tampered
0.9161283485705505,37.942441971470075,9.309451470124579,1560.4596400319836,normal,trusted
1.170529112568374,40.94512910834851,10.92637524205244,1964.8502741228501,normal,tampered
7.745206174407901,39.28379340018959,11.957647061842884,1477.9324666077684,bearing_fault,tampered
3.5383348449223107,53.81849290022039,12.091089966785027,1419.2940739008027,bearing_fault,trusted
1.0630115168767118,80.69302993176655,11.560111187340015,1527.5479554734372,normal,tampered
1.2329040327018244,0.9385774413594277,10.385908989865962,1164.93941680075,normal,tampered
0.9578857141338426,39.05447683034433,11.787508996958145,1471.1554247531183,normal,trusted
0.8961002661168108,34.18909920188376,10.601437172668366,1435.5165438289264,normal,trusted
2.531756879360641,53.17218865447636,29.91535585620549,1498.9071282611785,overload_fault,tampered
0.7573063532747825,4.085396411019779,17.24049184541163,1569.6845407961023,normal,tampered
1.9579908062138691,80.44952297128195,13.271777784735637,1447.1115073005444,overload_fault,tampered
2.4387927028329197,90.74446551707364,22.253677877394345,1365.5932999038364,overload_fault,trusted
3.872006671827212,57.92264618581599,12.757637829515742,1432.033799349914,bearing_fault,trusted
2.2640481152202625,68.44609523670113,18.12338113989657,1367.981804650328,overload_fault,trusted
3.6490932272369925,48.74027823893944,4.404055848120096,1404.5161161246158,bearing_fault,tampered
3.1493398322193817,32.60512909491261,21.645602055806144,1528.7209958029948,bearing_fault,tampered
4.01683502836374,63.76341438740785,11.634902023989246,1411.7232145425871,bearing_fault,trusted
1.9612933638158567,75.49755718707559,18.532139688702568,1306.9267119159367,overload_fault,trusted
1.2078773926491932,42.52066048808259,10.348366668765934,1496.0326100756067,normal,trusted
3.4712365916907366,38.24535209188623,22.75274657149834,1426.3654073984555,bearing_fault,tampered
3.467267845332779,51.78770756271295,12.647860817486507,1451.4801737269115,bearing_fault,trusted
3.7888196317334035,57.38409852120547,12.85148812691387,1452.3268089796695,bearing_fault,trusted
1.0535753225494224,4.050903730515671,10.490435367816628,1880.400367820687,normal,tampered
7.662506179774072,32.39906957349461,11.411760372343185,1504.9670968419098,bearing_fault,tampered
1.6232162433694204,76.62215853721295,18.757159947289317,1344.303576284133,overload_fault,trusted
0.7855950986358307,41.1339129939841,9.290028940206271,1495.9468771509883,normal,trusted
3.2436559732812125,64.30767537405525,11.959083838226608,1568.4018672419343,bearing_fault,trusted
4.537760413844028,56.74640543638862,11.669133598195558,1408.9716216331126,bearing_fault,trusted
3.230243946656677,51.27846438237185,11.726902716044025,1454.1616007028972,bearing_fault,trusted
0.875790626315123,42.686815729943035,11.09502770552285,1556.5593848456717,normal,trusted
0.7126887634119434,48.13223658165498,10.25527586721886,1485.9560771238062,normal,trusted
3.7890603030786436,61.12274212944181,11.858109001428856,1473.4077761130784,bearing_fault,trusted
3.551871912468478,61.207164923668586,12.972989437449208,1451.3872866442182,bearing_fault,trusted
0.990432452337183,39.54092237138136,10.632272465427762,1447.5686078613135,normal,trusted
1.736140396005396,81.54222926433283,20.086852864740408,1365.8299292425097,overload_fault,trusted
0.8358208960905202,39.09214072158866,10.241241845450324,1510.8294493915973,normal,trusted
3.4115535041460996,55.50903788282815,10.914820629889421,1497.2966920901742,bearing_fault,trusted
1.6281546235690911,76.26754950048367,22.805958885268883,1445.1118885185792,overload_fault,trusted
1.841196891088008,38.258517124334574,26.13876135587044,1347.3942966957925,overload_fault,tampered
6.827964013914891,57.780786844875195,12.322955292900044,1532.1137577478862,bearing_fault,tampered
1.5071046319440735,73.25691176084227,19.761184418840845,1411.353546764264,overload_fault,trusted
5.777206398144213,54.80961522226799,20.389345892330063,1402.9340182464532,overload_fault,tampered
2.0200292364418657,79.07146256668928,19.542119813648966,1400.095906253179,overload_fault,trusted
1.1282165867186846,42.093450517000015,10.17224210395321,1537.765337373264,normal,trusted
0.8947767066198894,37.13562454860754,9.530143389788977,1520.602405310809,normal,trusted
0.9104682092016984,35.84067324018942,8.431323521224375,1450.2281881850954,normal,trusted
1.6657764214399837,74.6235130120981,16.777686979493545,1346.3492468896352,overload_fault,trusted
4.84617785027256,23.509238542956552,10.243320356948942,1504.133621275226,normal,tampered
2.2541936125417488,41.6474059039997,24.008362287374705,1376.14156127462,overload_fault,tampered
3.8287586604018906,51.203067907530695,20.12810612493544,1912.3802536454186,bearing_fault,tampered
1.0989925467536923,37.753751128057246,16.40866594296218,1501.5448613832957,normal,tampered
0.9696979198836442,40.87369425054214,10.482405482741342,1478.646539688001,normal,trusted
0.9895486994736988,45.73886442319525,10.179437845745275,1425.5140660304967,normal,trusted
1.0007606874834722,41.09109445102889,8.275193595152496,1470.9049957417124,normal,trusted
5.213130553695379,48.725547488481155,19.4733113932624,1389.7450144672703,overload_fault,tampered
3.369695806235881,64.91163722948232,11.646147979130149,1446.852494108008,bearing_fault,trusted
1.9232472628551325,75.78861869804261,19.54537934671527,1465.98555621035,overload_fault,trusted
0.7990380466354772,41.432588011800384,9.474903285161513,1484.8230380196035,normal,trusted
1.8709145834555168,70.3454162714972,19.27155719963865,1345.2031484798217,overload_fault,trusted
6.66119074990201,50.84293759545092,12.579809844048208,1509.185441858337,bearing_fault,tampered
2.2559528474852044,79.41604877052104,20.858811591677604,1428.1064069224326,overload_fault,trusted
3.5085128614000096,62.98692291853184,12.590643079996875,1457.9016612895348,bearing_fault,trusted
1.0521719289359943,40.44952724196184,9.865078597279638,1509.3856973334362,normal,trusted
3.1203805263786197,57.121735979300716,12.377132484311026,1427.2414501405794,bearing_fault,trusted
0.9290675889770673,41.41926159408243,9.398271305545984,1536.6118287866764,normal,trusted
3.8997532331317455,54.78786660145782,12.635510444520332,1456.181757351637,bearing_fault,trusted
3.8289865982392515,58.68129153126746,9.531469875428364,1536.9225237056187,bearing_fault,trusted
0.868783435544562,40.08827072675492,10.403555718129974,1530.2080631315873,normal,trusted
2.959682572934959,69.73018958368151,18.901465578478074,1411.2794043749275,overload_fault,trusted
1.5956630749458318,81.89831298843391,20.686158524184606,1416.5817261683721,overload_fault,trusted
1.0193829582584617,35.14531819144482,18.008197347213518,1975.386342210132,normal,tampered
2.7948648641576144,57.701657597197354,11.176304023428667,1481.8686142053298,bearing_fault,trusted
1.7987807281947787,81.64809261367714,19.481748166006472,1409.8809233438956,overload_fault,trusted
3.6548839048288637,49.29840217332789,11.593620785262932,1541.307008541159,bearing_fault,trusted
1.5864204836933955,75.22236079704484,22.92494344805923,1441.906548006499,overload_fault,trusted
3.3152888327408947,56.81866777484499,11.638981565273708,1391.5515145031688,bearing_fault,trusted
0.9857634008668141,35.74947372220938,9.102855163186195,1544.3206595009278,normal,trusted
1.4650652939319353,72.85549532189067,18.807861782445528,1403.588592038892,overload_fault,trusted
2.782700998994064,61.03646112493222,11.979982969969075,1402.565271268274,bearing_fault,trusted
0.8304830772878534,42.1423412456599,18.89526966788082,1937.448742626148,normal,tampered
0.8920366256214696,35.184186258602296,9.026717027768477,1479.5589733372296,normal,trusted
2.8324943208937894,62.184613928120626,11.18503069333398,1386.1154085531534,bearing_fault,trusted
0.9401274940045665,13.533952293111113,21.126759075397082,1556.493987305857,normal,tampered
1.9365687214165705,75.56284579145438,20.709697479489133,1475.4609445168194,overload_fault,trusted
3.624560170322985,58.38153405424523,11.130282637675096,1458.6517773986413,bearing_fault,trusted
3.4853904525231933,61.204470792710616,11.934453458217037,1404.0522454719494,bearing_fault,trusted
0.8097275950479693,16.997499293420148,20.09317473204114,1487.5185983204242,normal,tampered
2.2840559760545442,74.18523273231344,23.36411108538465,1390.3681174062203,overload_fault,trusted
0.8828849420662114,41.49615832320917,9.605422523595271,1501.5630398337214,normal,trusted
1.0561011210702456,38.11580174882388,9.4575427772052,1538.8489375086995,normal,trusted
1.0511348736183312,36.353030894584116,17.307467167450724,1866.366518929869,normal,tampered
0.8529273083479303,41.85044259906934,11.364873406502111,1506.4020155545047,normal,trusted
5.901619550163682,55.09110386500993,20.615333785412727,1450.4781939692652,overload_fault,tampered
1.8322223540390754,72.06386966932726,18.005726505272772,1431.3619264224394,overload_fault,trusted
1.0765040573077236,39.21077972663094,9.677126305184533,1454.4322900442774,normal,trusted
0.9705086199984518,39.93194417402306,10.913184614482574,1476.7228397873432,normal,trusted
0.8751347273010959,38.35134213660975,11.046597285503928,1467.9670997596336,normal,trusted
1.9091929304148916,87.535792167227,19.92045133338205,1506.0698459681757,overload_fault,trusted
2.2142837713080388,76.70423339079385,28.57165014191479,1919.8223071263349,overload_fault,tampered
1.57612193100198,49.298533411290094,28.70341017051587,1412.5696083376276,overload_fault,tampered
2.150793304625904,89.08829274546332,20.895573584843028,1451.2324535126659,overload_fault,trusted
7.945096337642062,31.039517418780036,13.59455950783833,1467.1569077325105,bearing_fault,tampered
3.009569366397828,59.23778492344397,10.455020141188395,1499.4909795652052,bearing_fault,trusted
3.166989998785913,60.078329849665586,11.566166359091623,1494.554867523479,bearing_fault,trusted
0.9695946917262382,36.90280894133546,9.424414763217161,1495.3764575515406,normal,trusted
-1.9863955354369731,79.02076320285548,10.27119560837986,1600.0115576412647,normal,tampered
2.1975041857556654,124.51980289279803,16.707380332140072,1480.7946598927756,overload_fault,tampered
3.581041926110477,62.82339697081809,10.737325487981678,1512.5228186326146,bearing_fault,trusted
2.701606231093261,54.68692424912994,21.10216563991954,1391.6389319202835,bearing_fault,tampered
0.9842634963755986,42.90189770752832,10.613493834663249,1494.570439866366,normal,trusted
2.5571382058829317,79.56081244560811,21.619353177350362,1400.2287526329635,overload_fault,trusted
2.782368602271521,58.81203025421363,10.480600647441747,1527.4766800745422,bearing_fault,trusted
2.1288087525179833,89.29589413591628,22.10279844144984,1310.0217955462604,overload_fault,trusted
1.2184775389176161,39.44747276045433,9.955918320766168,1479.5117524309435,normal,trusted
1.1277174623496617,39.80873720502805,12.616820897771671,1102.3609098123752,normal,tampered
0.9064621123929496,36.020811690044354,9.923771370388852,1517.9029795671718,normal,trusted
1.1926580059352758,18.923746871339517,19.284994929364423,1526.3624222689753,normal,tampered
4.768091169695728,41.044609047834456,9.743216127693023,1512.846873433831,normal,tampered
1.0703466797631134,40.25194300994336,11.43863016073845,1458.3891946240838,normal,trusted
1.018651519320216,36.784112343129344,9.832774195178065,1486.015787044405,normal,trusted
3.5591877152676226,60.40587044337269,13.074840175702608,1497.2669628441058,bearing_fault,trusted
1.0340687201410568,19.160978189726514,19.929403639765518,1458.4436911828204,normal,tampered
1.117928741322767,46.72876093720895,11.814115363119404,1529.3848831770988,normal,trusted
1.1973162052280428,45.74630407471858,10.57076836995559,1890.6271899213687,normal,tampered
1.0242767430197433,38.764751746946054,9.655633333230433,1528.899977449886,normal,trusted
0.959813796401707,35.673102593321765,9.119891557020555,1454.0391298630022,normal,trusted
1.9324742991937351,79.99112236067946,21.51105462934042,1441.9688709084567,overload_fault,trusted
1.9028026887406484,79.40772099053792,17.65799510974659,1366.5468688039196,overload_fault,trusted
2.4222495121844982,82.64856441237082,23.8077583474764,1419.2201289021411,overload_fault,trusted
0.9705666584869468,35.8680530334389,10.380102453878408,1499.275277256282,normal,trusted
1.8768320258496793,75.88807132495766,20.03658960479426,1419.6944024463621,overload_fault,trusted
2.141573001347364,74.42151954953441,22.697003705153318,1484.5738080438427,overload_fault,trusted
1.6538648778438407,69.67347862979844,20.01426460064468,1453.5995135203043,overload_fault,trusted
7.087587030425357,60.86325854495203,4.960645939689808,1485.4621018061869,bearing_fault,tampered
0.7927215492169182,36.771264399043694,9.868837199978403,1489.2505524419976,normal,trusted
1.1002133495097495,39.5015264741508,10.901883809313938,1566.256710989789,normal,trusted
4.160420179198457,63.41865390303687,12.846736244191066,1485.0121037103547,bearing_fault,trusted
2.429484395682377,84.51313961271883,17.622915472680617,1451.942676856237,overload_fault,trusted
0.933360733741718,43.39670371653774,10.81927907187282,1449.9914598020803,normal,trusted
2.093233987048974,57.729672084927714,30.440705341139267,1438.1540473854461,overload_fault,tampered
2.2147107021977144,74.59789826951064,22.343206547679245,1387.7597930734244,overload_fault,trusted
0.7870045528429446,35.77054171315657,9.349287670122658,1488.3057743316892,normal,trusted
2.3770700664454933,61.480023933241,12.275690732742047,1480.7259791975357,bearing_fault,trusted
1.0290996149525466,40.948143611932856,10.615388966429702,1476.0917869445188,normal,trusted
3.0001369188593667,61.30336456501125,11.774527965299761,1482.9073891566004,bearing_fault,trusted
1.5425516050148236,69.92033176282884,20.564682738815282,1326.33483830391,overload_fault,trusted
6.952931329337112,38.774015449873296,10.780867582152391,1505.7581615541296,bearing_fault,tampered
1.079519916446258,39.672564545316,10.101889980525188,1540.924453817456,normal,trusted
3.0344194786495584,49.469515298911205,11.712903191804433,1459.8149055135539,bearing_fault,trusted
2.9171499306557402,56.87634122893339,11.253879435101513,1473.8152478880365,bearing_fault,trusted
1.5157941701168176,74.6687394179905,20.60473190173337,1294.1373005338007,overload_fault,trusted
1.0576895990687092,32.494900467521035,9.886883598284959,1548.220768269616,normal,trusted
1.9148422042051236,72.42965605926565,22.960716552920616,1421.916390217701,overload_fault,trusted
2.074661323029937,77.80681121158436,18.96037732430127,1364.0988978905427,overload_fault,trusted
3.1653037961208685,56.05821445524401,17.93563599015792,1436.7576388415498,bearing_fault,tampered
1.5397820350335616,77.24574324168765,20.586395827766196,1444.7771810988286,overload_fault,trusted
0.8462716951785001,34.38634565181704,10.13840571172178,1483.0111328980056,normal,trusted
4.946167427193034,30.178141780871726,21.812084973306995,1466.4226630937317,bearing_fault,tampered
2.136337586883036,51.106677870034886,31.5769302977617,1376.7004875774319,overload_fault,tampered
2.6574145486155776,58.03210119262176,11.996805717108934,1797.1259315454345,bearing_fault,tampered
1.4535749109896527,88.06962090896022,18.11170480604887,1406.9035791301192,overload_fault,trusted
2.0793015405134003,105.66744807344149,21.378752274962252,1020.5770374784381,overload_fault,tampered
3.789063337987445,66.40153552989167,14.122197504272245,1537.341966645527,bearing_fault,trusted
3.4609416933604886,66.07715136589297,11.94538511914994,1484.1567750914014,bearing_fault,trusted
2.696283388905134,55.747806810870735,11.657479151300612,1457.9576846391394,bearing_fault,trusted
1.9325273204454174,75.2394544791367,19.038099434000227,1391.6408654362863,overload_fault,trusted
1.1353622628819162,31.750971941108276,11.006223160695555,1506.492965730466,normal,trusted
1.5169901618176755,72.64026369235047,20.403245255743215,1350.6552957226838,overload_fault,trusted
1.0545304405857236,40.185749451039875,10.08115794452004,1475.8459560596818,normal,trusted
1.188802588297029,37.261366039843516,9.148421803099062,1491.6133995597875,normal,trusted
1.011884178520864,44.09155097479807,10.649388567997201,1486.0777730120926,normal,trusted
4.243359354937476,93.6502537609682,11.778360099149056,1101.3333780385287,bearing_fault,tampered
6.11474381075401,75.18963201943055,20.910713699941525,1474.349549102288,overload_fault,tampered
1.9021594670885131,67.2299813237799,19.15500278452794,1395.8263245046853,overload_fault,trusted
0.822335618492198,42.34767647714548,9.94416097139029,1463.9079276046145,normal,trusted
4.324964586378378,53.620800229884544,11.795057733638364,1479.144015214529,bearing_fault,trusted
1.2904498014696884,37.01074412199283,11.120705488250373,1539.990622797654,normal,trusted
3.4615146414972453,60.35324793052036,11.13059155514533,1457.204168252795,bearing_fault,trusted
2.112986895403848,89.56999766680264,19.452509469921935,1365.6738766094263,overload_fault,trusted
1.1977734594188656,47.33895357673097,18.000216083270544,1970.137156613265,normal,tampered
1.0434306224714613,45.05075862861407,11.533155901388328,1520.3138587700512,normal,trusted
0.8711557104738639,13.569347930900165,20.8025646956942,1529.6980636885976,normal,tampered
0.981459318490012,38.989504097078225,10.387185835161223,1473.0069441817877,normal,trusted
4.053439659417691,53.787589787156364,10.842871351406085,1384.369429705801,bearing_fault,trusted
2.008077770524412,73.49024774012159,20.340351523944193,1385.885485550018,overload_fault,trusted
-1.0179468043684943,69.29212655507341,22.055837782107048,1719.025256072356,overload_fault,tampered
1.7768723076935091,82.91934462797408,27.507147256186567,1782.2934414866547,overload_fault,tampered
2.2927029541706614,80.94864176918684,19.44082143318022,1421.5173289873703,overload_fault,trusted
3.2587258953634666,54.38332670233884,11.57987994163983,1417.8403607984578,bearing_fault,trusted
3.784602888921087,56.00354469125047,11.810679677432102,1547.5534840622233,bearing_fault,trusted
1.0384539416615246,44.40424546799589,18.375757375588282,1958.567169932953,normal,tampered
0.7722477377798205,40.88830176886981,16.23784588709171,1525.025203384775,normal,tampered
4.8618087759910456,15.961816016465036,9.860990088510272,1466.313458871162,normal,tampered
2.904434430634945,56.10830982738049,10.135626802244614,1521.2987393728315,bearing_fault,trusted
1.0408949689602527,37.17933637322285,12.025523742193743,1477.4298892676934,normal,trusted
3.3156703505932072,55.31630969828348,11.093688507049494,1465.949538348437,bearing_fault,trusted
4.066052021312174,1.3642708400561716,11.475293130715416,1505.3030940111792,normal,tampered
1.0951008894007128,36.624329468860495,18.723934814955108,1913.833187640384,normal,tampered
5.695248333831401,90.27948909192995,11.337350449940221,1489.126016729792,bearing_fault,tampered
1.0365660495705318,37.46486401609255,9.956052107037666,1484.3875717539408,normal,trusted
2.423421741943826,75.85273133253474,22.161630845568993,986.6842343091528,overload_fault,tampered
1.8672588409399988,58.71550150780952,28.980335429406352,1304.4027705588646,overload_fault,tampered
1.4790073662700274,85.10723547308628,20.160437065800807,1386.6391480112732,overload_fault,trusted
2.795521996550409,53.79688146417928,10.748761214405008,1461.0885060702494,bearing_fault,trusted
3.460008463718342,62.07835171185984,11.217642531982639,1822.7251151767814,bearing_fault,tampered
1.2204296233985577,41.62778338987588,9.105355346234765,1482.0227308749782,normal,trusted
3.7365322093869273,30.953165351620818,21.44749664312868,1459.0093515733004,bearing_fault,tampered
1.6622850376405325,68.26698218273711,19.42275002374353,1522.5652725388231,overload_fault,trusted
3.7240213347237914,23.999123483257947,6.042356065725276,1464.0715413429612,bearing_fault,tampered
3.7129197165372916,57.28013945389435,12.684998072766827,1454.9790276609585,bearing_fault,trusted
3.3287653719476236,64.36211080142024,10.116125038062837,1560.4413487037007,bearing_fault,trusted
1.0207105501266542,36.87523710213618,10.23753269658889,1513.344498652834,normal,trusted
1.142937154370664,38.2402447447873,11.140263154776244,1437.9304911416612,normal,trusted
2.7618483698889906,88.9166533318864,5.087010854125749,1466.269970863889,bearing_fault,tampered
6.675204767018489,55.937034250446004,11.298411492445009,1452.8417966678958,bearing_fault,tampered
1.8784996536808984,87.62509272087661,22.89514180024013,1431.4583510585883,overload_fault,trusted
2.3649846376395836,69.47763686067667,19.56800466350131,1338.016475519166,overload_fault,trusted
8.359222387951363,36.86538783229092,11.15483447287308,1427.5798791534264,bearing_fault,tampered
3.1969460999921075,63.997772349129136,11.773153273301542,1435.311022255708,bearing_fault,trusted
1.1307060996052951,34.56814396005882,9.977533539916774,1448.8139915301047,normal,trusted
-1.3181766123876981,87.9160692973106,18.32272835694553,1296.1212453964513,overload_fault,tampered
1.1604877728931293,39.17844848336129,10.746111074392896,1532.5632250168012,normal,trusted
2.586326778882817,54.008326106305866,12.133934743758656,1507.7185097441416,bearing_fault,trusted
0.9799686483869722,45.11755804163369,8.412685421496803,1536.6810352166037,normal,trusted
1.2463221978335068,35.82794371007423,8.885062012507063,1468.8568603728056,normal,trusted
1.1231004211462285,44.73330461479566,9.484633399690841,1535.866485681277,normal,trusted
2.7624717094011397,26.696003513896592,19.66560433710623,1470.8985562441208,bearing_fault,tampered
2.996760036500899,54.15434891128073,13.051225973725927,1451.890610494425,bearing_fault,trusted
0.9756503218245343,42.828297403675826,10.534844274605389,1474.6867509920705,normal,trusted
1.0460052535818964,35.32185029408318,9.101634360714296,1534.1594417602919,normal,trusted
1.156839946408482,41.053929027963754,19.222848651435093,1578.4643230003844,normal,tampered
2.8603887603055105,77.57001566857905,30.258916185968474,1759.8558367308121,overload_fault,tampered
3.996758081516508,59.046012462433204,13.229227580626182,1422.073003352,bearing_fault,trusted
0.9953284959418192,36.698304000909545,2.940189949269353,1838.9772175735,normal,tampered
0.7802913008982963,40.259516625764384,9.682468927009767,1465.1508420605367,normal,trusted
4.76998209538819,15.916949216277594,9.0273613611929,1476.25775424056,normal,tampered
1.1594752708524387,34.275608760324204,9.75464216973925,1520.184792654019,normal,trusted
1.5784185658323917,77.41304140778341,21.548909519077817,1414.0723751129538,overload_fault,trusted
3.8005200263545635,57.98370839096934,19.56187952878735,1517.804057337246,bearing_fault,tampered
3.4126674596008915,66.59118620725691,11.891879161783079,1546.8086065875298,bearing_fault,trusted
5.859463879274282,56.44366891318755,21.016064443963195,1367.9712599379893,overload_fault,tampered
3.6112913651571215,54.75820793187537,12.039831768223134,1394.1582660832487,bearing_fault,trusted
1.0049447280137944,41.93533806298336,17.289280417474867,1899.991840719237,normal,tampered
2.6974411878787743,77.02559988056566,17.918169042326568,1749.6680526322718,overload_fault,tampered
3.181910114672932,47.238764676881814,11.809437685543,1443.7288459984748,bearing_fault,trusted
3.5920460149978766,60.99913387730326,12.670221456991591,1412.9577629072082,bearing_fault,trusted
0.8683857305854432,38.387012269290935,10.026156180202616,1557.4123932864409,normal,trusted
3.7902318163504054,54.7404545599009,11.143884812969395,1465.0295694911529,bearing_fault,trusted
0.9347805390480839,32.55787447004637,9.590350864544698,1501.4413007122212,normal,trusted
3.2239611235057026,55.327646891437,11.833401692350382,1439.7309231964728,bearing_fault,trusted
3.171345553412941,53.63720445459217,11.4101130593022,1430.9124784300973,bearing_fault,trusted
2.477563890746484,69.18582025657187,27.21392315932245,1856.8541047653293,overload_fault,tampered
2.0415303558049596,73.90724238093256,18.89610252591428,1222.627407431351,overload_fault,trusted
-0.54854683831232,59.92779402774236,13.002909868948079,1466.4610079232434,bearing_fault,tampered
3.941144540716755,39.4934722443911,10.14514511836029,1184.516091676175,normal,tampered
1.994108311251487,88.30682104078319,17.34262646157714,1357.1657894338314,overload_fault,trusted
1.9854132544240177,77.22655034359501,19.361181899550655,1377.9021254259258,overload_fault,trusted
0.6313113422326313,56.79650077948696,4.7823529447643,1437.4308596351007,bearing_fault,tampered
2.3372373454862343,79.40175810746588,20.869007405631333,1393.0778681514685,overload_fault,trusted
0.9784928049460294,38.41985382416138,10.315390119553625,1489.730891812761,normal,trusted
5.951632683088788,60.13662695458484,19.456446448154633,1349.4896919704956,overload_fault,tampered
2.347450989463992,78.14664385000509,21.022378803559143,1433.0668718045324,overload_fault,trusted
1.0038529208765121,39.37177351888118,9.38531547236167,1552.5432552339523,normal,trusted
1.0762445371433533,40.41977293611734,9.201581125364898,1519.133346141577,normal,trusted
0.8291518677521128,35.2962087507085,11.033349172526938,1485.2596456069996,normal,trusted
0.8145640065365491,15.052610705019177,18.983000672070077,1410.3741915019482,normal,tampered
2.159485460241012,93.66645737045557,20.18438692671098,1370.9118183969758,overload_fault,trusted
3.030304102227954,30.98587664444591,23.838312379686784,1488.078835950256,bearing_fault,tampered
0.9795510902602955,40.75133890078228,10.621658367192719,1510.6213415285833,normal,trusted
7.3548093314819685,33.399228243142375,12.471733588850135,1445.4352387288714,bearing_fault,tampered
6.1293825921954035,54.297550876131766,20.48798538845317,1359.6114773872243,overload_fault,tampered
0.8397135388834517,40.62594874562011,17.316012175273293,1949.8708841023063,normal,tampered
0.983941244258075,40.35504374016461,10.314701496203277,1493.7020969240843,normal,trusted
1.7273949676668943,73.10244113365783,19.128681027364966,1374.4688251924936,overload_fault,trusted
2.253741597123523,81.00412950889931,26.1947325486895,1835.4864720460057,overload_fault,tampered
1.2217390015547254,39.0233649654414,9.170734420104274,1534.8550553530326,normal,trusted
1.8310706880562404,83.58864545591021,20.129664707552276,1407.3162606290216,overload_fault,trusted
2.204830253692368,76.91899771242396,20.242643594353865,1390.1088392204224,overload_fault,trusted
1.987164327912419,61.77390279972295,27.86489984303698,1346.5706175803741,overload_fault,tampered
1.5570710606267464,71.3786428141446,20.33164857015232,1442.8419305475054,overload_fault,trusted
1.1295178787718545,20.372695713698747,19.472401843061384,1496.7137860718572,normal,tampered
2.086098557926286,70.44580475608066,21.450138248174728,1377.0858798411737,overload_fault,trusted
0.8256690943885423,41.89240049243806,18.15711568400815,1897.7060682498427,normal,tampered
2.326008444030439,78.24738579155327,19.62903724158867,1367.2987080992625,overload_fault,trusted
2.2236917611101976,74.7047722114478,18.209569158606303,1348.7001264471035,overload_fault,trusted
0.9375293904573507,41.80795733891949,9.855754381720372,1457.6481502608838,normal,trusted
4.627523819440677,23.965842489228876,20.531000619102887,1433.9057104621827,bearing_fault,tampered
6.062771898588355,53.287353663861516,13.112950229692263,1886.0300215434866,bearing_fault,tampered
1.0355192787624519,44.7375565089449,8.759184470121557,1517.334553112401,normal,trusted
2.757987960415999,61.50782735970234,13.173562343755602,1478.9261625293475,bearing_fault,trusted
1.0521861125756378,43.69870580230809,9.162170282892951,1500.701305180321,normal,trusted
0.9620508889187701,36.26738236341739,10.156210425183819,1487.5894358462024,normal,trusted
3.386517528220395,58.40489039674995,19.18183048209978,1972.6154051238643,bearing_fault,tampered
2.025165304353375,72.40436771842346,18.658993302142264,1446.3931789233081,overload_fault,trusted
4.1260484321014115,59.92214718809829,10.91725968610404,1492.439628432945,bearing_fault,trusted
3.1771381209128546,61.63064528057777,12.395458648799142,1495.0279990078955,bearing_fault,trusted
4.422696545901999,56.82310003593505,12.572415582563194,1477.360110512787,bearing_fault,trusted
1.9374203005899904,76.72851084053451,21.31285607831322,1458.426610062424,overload_fault,trusted
2.2310352176039157,75.25017228099385,20.407619049401397,1844.9585304979616,overload_fault,tampered
2.016791076073627,78.11850253835617,20.417285044043556,1408.1328825303076,overload_fault,trusted
-0.9699187902882236,75.85442023002138,19.560562624053073,969.1249461590132,overload_fault,tampered
2.816571251212452,60.3015051560809,19.34870199801864,1087.3974913624784,bearing_fault,tampered
1.874584740782909,74.59231111801348,17.76442043572391,1395.291095859704,overload_fault,trusted
0.8412760465174718,37.97194808295589,9.627385468113538,1495.7270639210012,normal,trusted
-0.30207773136006555,68.46743326885402,13.945472455864564,1438.1918231227814,bearing_fault,tampered
2.080375737305045,84.68045605120302,28.714861876399375,1831.2852781004087,overload_fault,tampered
-0.6569766137337751,49.586072722803095,12.62035136520283,1479.3302536325768,bearing_fault,tampered
3.2536357388864774,56.56231889607844,11.684479998753279,1053.9335307791077,bearing_fault,tampered
0.9577439739414124,40.08732983973001,10.905641830731343,1539.6826245397403,normal,trusted
3.7497078066739875,56.39063644905028,11.034187680815814,1479.679690548966,bearing_fault,trusted
3.6214027782047573,33.8433383310235,22.679784193298254,1446.047786702038,bearing_fault,tampered
1.8628264384576725,90.63352822104902,18.771076840849528,1391.3949583391116,overload_fault,trusted
3.838015910524514,38.82084118724191,9.547048580112,1850.6764598283587,normal,tampered
1.6546071501777908,82.7378860487351,20.706726219995133,1356.8177689984932,overload_fault,trusted
0.9687725643324254,36.833698657132885,8.688488075628346,1911.5607559262141,normal,tampered
1.7860566496862695,80.5256521434312,26.676446018316746,1480.8910006018834,overload_fault,tampered
1.2157113426921178,34.65778567730959,9.858907239608536,1529.2465224760185,normal,trusted
3.2589583752923827,52.156825570053144,11.75836238283763,1381.4562361488645,bearing_fault,trusted
0.944517784880252,38.77916875368232,10.00159948513207,1546.2876516033093,normal,trusted
3.5974674355127636,49.85181954757853,11.276992457276796,1511.7001574149174,bearing_fault,trusted
1.016392273961524,4.681052789623372,11.375287256018343,1595.5951048205843,normal,tampered
3.1649351383414173,92.7705695293227,10.672941957638491,1158.9613246719748,bearing_fault,tampered
2.5474954748650465,73.60112251161688,18.10332297757561,1421.333370129128,overload_fault,trusted
1.523577601657216,49.17480964620036,20.645413052646074,980.7971380308636,overload_fault,tampered
0.9512301980338461,44.68431460541072,9.335384094715732,1535.9653374693837,normal,trusted
0.594482631097109,60.60371307979822,11.234787955411978,1845.603002286827,bearing_fault,tampered
2.099115648386472,60.15360262345381,20.605443759196856,1345.8677967722135,overload_fault,trusted
0.8758830337990722,38.74345376822488,10.632314781572937,1582.5920177015364,normal,trusted
3.461458532871136,63.037138053086615,13.335080835300719,1823.2325966845797,bearing_fault,tampered
0.8262247288701943,35.45573567261938,9.319344302093846,1535.9818747889715,normal,trusted
5.659978709990145,52.43887381177723,21.787849766268266,1478.4796139456857,overload_fault,tampered
1.049666834244723,38.37048750683166,8.255707033009449,1437.8271326403824,normal,trusted
3.5758838595483513,64.4865188024025,3.624866761511404,1086.0248639785088,bearing_fault,tampered
3.934101105069586,61.118381632395575,10.152129880194583,1478.0375328402652,bearing_fault,trusted
1.0465243769514418,38.827967192202415,9.562769765577297,1455.9417739110481,normal,trusted
4.016980325845898,57.858433321738666,13.539851486530246,1497.642058561136,bearing_fault,trusted
1.8528432490721982,75.40902408185399,19.6896087575234,1547.3905508028568,overload_fault,trusted
2.292716793950478,75.6326910367023,20.88150983090353,1393.8088454510976,overload_fault,trusted
2.4173698509196204,111.64384990952465,21.230200486266916,973.7835861582696,overload_fault,tampered
0.958219625099599,70.2375215288061,2.8831087747243647,1537.0242168845118,normal,tampered
6.399294433214306,43.24174690967391,21.498663725473044,1353.659252294247,overload_fault,tampered
3.1691764982545982,32.806221679775604,23.09941644096984,1576.0964653511867,bearing_fault,tampered
3.281988913658374,52.86958999534342,13.75618806808514,1456.8603482357996,bearing_fault,trusted
3.687623199650418,66.15138025364182,12.214341075370308,1836.2702538715637,bearing_fault,tampered
3.091432020517162,62.97036585002948,11.212595606700612,1388.231083689593,bearing_fault,trusted
1.1603423320014605,41.668225821469456,10.384822931810925,1472.5509521879687,normal,trusted
1.7754756974976849,73.09918040501783,21.082854175806762,1394.039273582522,overload_fault,trusted
1.7978288934292115,57.22569812239702,30.172284057429323,1378.8296647014763,overload_fault,tampered
1.7538979031770714,87.63246025791786,20.042872654324167,1306.7242621215837,overload_fault,trusted
2.936863670528017,60.06809942737305,18.498621474523198,1396.4324835167595,bearing_fault,tampered
1.0309874587987233,39.62857211701102,10.337831215300287,1452.7352503680615,normal,trusted
1.1894909507692522,43.31403764620759,8.922557960976347,1471.446067320545,normal,trusted
2.186925720054755,75.97712257267673,23.10164375977086,1360.7703298997387,overload_fault,trusted
0.9286719577361517,41.23294773070263,10.103943883332859,1523.6592599532423,normal,trusted
1.098013104064095,41.349935024039645,10.988197910648218,1483.6754222897398,normal,trusted
2.0266161241152987,85.11481225709596,29.854846170107837,1831.8932454343076,overload_fault,tampered
2.4442562860502397,61.722043668488574,11.043016933161885,1453.799623921054,bearing_fault,trusted
5.484703846216721,86.34807238791892,20.4686644131171,1308.2329574309754,overload_fault,tampered
2.079600849606546,77.26112156943825,19.835781765004093,1268.9827305399604,overload_fault,trusted
1.8608652125534617,81.52605322777711,17.271662906913722,1386.696295759849,overload_fault,trusted
1.005581580425769,14.736217771740307,19.321180019717886,1478.5260104248798,normal,tampered
1.9110691979755907,82.79358652235543,19.66653775240989,1361.133464652421,overload_fault,trusted
0.9649394577035734,41.95973464984368,8.751037662248896,1545.0394791925926,normal,trusted
5.41793902875486,80.23891484071447,20.97879525904854,1076.4686741032492,overload_fault,tampered
3.578989514233908,55.12391079933609,5.884509696014947,1468.4099451467723,bearing_fault,tampered
4.0336138284575265,30.916649106619666,23.026156280772213,1374.0292636647218,bearing_fault,tampered
3.6083270543846737,55.17337107055122,13.619234803393134,1861.4071256707823,bearing_fault,tampered
0.8151574748981907,0.6973333776271886,10.454727619659856,1861.3698080478866,normal,tampered
1.0191989936288126,38.76298938338581,10.168533502179697,1466.2678684467965,normal,trusted
5.1090991522656655,20.712014311381544,9.445450443086044,1451.0817641669187,normal,tampered
1.129086756099303,11.03873055946677,20.196757847516935,1469.099706990834,normal,tampered
4.169995702163291,65.22125198201189,11.90796620760535,1386.1676303475456,bearing_fault,trusted
6.592823415546958,58.63536331214755,12.081081684411574,1817.48588915547,bearing_fault,tampered
1.0013711266672791,36.552388008435116,9.811332604948655,1533.8703885372815,normal,trusted
3.493888857919153,56.20972860394657,13.351184328459,1465.614339351895,bearing_fault,trusted
0.8656556949675369,41.851844741476775,10.799739215897592,1512.9397073973696,normal,trusted
1.0289991663785005,41.72663952999969,9.827880667383097,1528.6806650416265,normal,trusted
6.6542011330980895,61.986824945997405,20.344074957673545,1424.5495202471666,bearing_fault,tampered
2.549332488531059,54.46238351998027,12.206690072496023,1510.7704692406774,bearing_fault,trusted
5.641991148455946,50.35098254752501,17.3543397762757,1462.6498529009161,bearing_fault,tampered
3.675893060848787,23.629921125348304,21.178193100085398,1453.4982668034716,bearing_fault,tampered
1.8535011727785966,71.49987625138417,20.017535609997303,1703.4804729671919,overload_fault,tampered
2.036776569679773,85.88331915581061,22.099993678860173,1434.6940513383465,overload_fault,trusted
3.751243499273425,51.95439347659522,13.530397801453908,1550.918658449033,bearing_fault,trusted
0.8812554255961763,42.659181878703855,11.181914931979735,1514.2704929366314,normal,trusted
2.0316565802008655,67.66330127127397,21.56407417089903,1452.8229980360843,overload_fault,trusted
0.795321734078138,40.12076950600139,10.631493244535765,1500.1446508929203,normal,trusted
4.434198535456198,39.88326989564135,10.933030645225989,1440.5832191668658,normal,tampered
2.6633607722768673,95.17358146370712,21.081234645027845,1291.650630085631,overload_fault,trusted
1.0704711000163352,44.401543752127125,10.82702893435112,1484.2088624966204,normal,trusted
0.951150611637961,44.34803440370891,8.87446866751851,1476.2870959007882,normal,trusted
2.877410407874832,61.38068692388429,12.453061105894301,1466.195323879486,bearing_fault,trusted
0.9040411093242827,83.58988360696102,8.69680194795176,1569.3419999540438,normal,tampered
1.103571094433309,80.20430289031316,10.023231657204233,1528.4640187551875,normal,tampered
1.099080514396439,14.466127332762937,20.300855677056617,1475.9041758838525,normal,tampered
1.5295651582596335,75.93289656780101,21.750706051417342,1434.0812025041607,overload_fault,trusted
3.844295392312128,56.82535285875864,12.566401352659245,1471.8978164613518,bearing_fault,trusted
-2.0991611812194693,72.51337451159918,11.563754012328998,1480.8786474520566,normal,tampered
2.5688517202642176,69.14897557597486,12.071264715578565,1550.010723456328,bearing_fault,trusted
0.8926327577253008,41.05816048907903,9.739441511941017,1471.2054291922313,normal,trusted
0.9461722950365975,42.62963081224456,9.69756856661482,1541.2364698486015,normal,trusted
4.0467665861962345,57.78429827965279,12.38862527414445,1474.4852493396077,bearing_fault,trusted
-1.5378332016845326,77.879068469833,22.39052349421121,1101.6390934798023,overload_fault,tampered
3.4456300150323655,56.75482647028099,12.76480427172659,1434.2704757475638,bearing_fault,trusted
3.901780287710754,40.410619962068154,8.227775907517223,1821.4046972240271,normal,tampered
-1.3950948225249613,78.01606276505935,20.50319393964446,1361.4859065145886,overload_fault,tampered
1.2252213533538003,40.108179780393385,11.247052998239269,1551.3170986868988,normal,trusted
0.9631500137998508,41.39853298659193,10.480767427759918,1464.365883596846,normal,trusted
4.3599222331014955,66.87091111751884,11.645931190630542,1425.5853889945108,bearing_fault,trusted
1.8023379566333178,83.33072658582253,19.84490690723927,1454.4670709452812,overload_fault,trusted
2.0028010153629405,79.06984561895129,18.026147324563986,1437.1773578521972,overload_fault,trusted
1.706063398400639,78.6480708272059,20.858912843259862,1331.3020436289773,overload_fault,trusted
3.8387355299953607,53.43840937723189,11.187253038954259,1409.1028998280262,bearing_fault,trusted
1.579191011411087,85.19614083169029,19.923986063650613,1519.084395732851,overload_fault,trusted
1.3059193543128402,37.213032498608264,9.13795093690614,1520.0150713922849,normal,trusted
2.099142823892979,44.78190318537925,28.479717563859488,1479.1303287515902,overload_fault,tampered
2.858192388773773,53.977510902287946,12.909061507805097,1479.0256112355082,bearing_fault,trusted
1.2554163678922197,36.9929680579276,9.495933991795464,1546.4854817313528,normal,trusted
0.9164868865995156,41.85910589644744,9.791337233276334,1558.0081642081375,normal,trusted
2.7488745153584793,60.80640263200608,9.463569995051994,1445.9962368937574,bearing_fault,trusted
4.959092410466598,19.466522824133932,9.231202926460544,1468.6244195356505,normal,tampered
3.654307618228974,57.66994070877384,19.96753893091302,1842.6208759110398,bearing_fault,tampered
2.8844013238452177,50.94316272961828,3.477489041191939,1488.9005743652474,bearing_fault,tampered
3.137940880242292,60.76364250449881,11.138441119122191,1416.9631327499524,bearing_fault,trusted
0.878975674966827,37.80314385579377,10.749255484685431,1514.786359848303,normal,trusted
1.5841678168937146,80.53283153410945,22.272234922341482,1417.1026048682265,overload_fault,trusted
2.2526348438495805,73.93191324887711,18.813872326915263,1303.4960940087396,overload_fault,trusted
4.337444931576565,63.43555099244383,11.940094062322837,1437.781173387349,bearing_fault,trusted
1.0658113504995759,43.73690488051562,9.409298735298314,1571.0990057672475,normal,trusted
-2.0391492417948593,41.58009412631373,16.874145733721228,1473.7423325415255,normal,tampered
1.8188965479014945,71.24426936589497,18.819356208576057,1402.0395986132419,overload_fault,trusted
0.9715288337083118,37.82242533793858,3.3310779086497906,1129.247594538786,normal,tampered
1.5026729478728296,82.11538415906043,19.573095068772297,1418.0895643106603,overload_fault,trusted
1.0282331333905916,46.689195524228644,10.783668272924778,1487.6364707860337,normal,trusted
2.3663057781139814,78.4351683158158,21.387326290879113,1417.9816126927951,overload_fault,trusted
4.0980297098015175,55.87357401400945,12.918071633615082,1492.4693805759205,bearing_fault,trusted
2.0948319351273157,106.86185581104492,26.04707962520229,1466.8573180285564,overload_fault,tampered
1.7167054597977642,39.985712477526945,28.51321128901275,1321.2869812794834,overload_fault,tampered
0.8775252376583995,40.710866166157736,8.356190953859764,1492.0364704622873,normal,trusted
5.761538402711086,51.877559463467136,19.12195654309549,1346.909052594936,overload_fault,tampered
2.207075040372765,52.661833392686475,30.036333683779443,1490.2466628922396,overload_fault,tampered
3.185161620366531,60.27790218668289,12.479124217963086,1479.5564937594575,bearing_fault,trusted
0.86123828076816,31.39883513865177,10.187544893185677,1554.0831253093795,normal,trusted
2.4719556220277816,82.1017050993056,27.978354616419765,1916.993688852679,overload_fault,tampered
3.4092288538073503,54.99808785541825,12.153797680536202,1461.5531372373691,bearing_fault,trusted
-1.8737774167366976,40.90333950130208,11.696064616840632,1869.5088795017768,normal,tampered
1.0596592892864516,40.1890071050041,10.360016538737465,1520.44591756733,normal,trusted
1.0814696275686273,37.87820641014561,9.857075864788888,1526.9138055050812,normal,trusted
3.7414276092944503,61.83669348860287,13.587429328141148,1506.730308675328,bearing_fault,trusted
1.1728975117605116,41.88248169001553,10.059821431308409,1895.7640054477008,normal,tampered
3.384404641864159,61.74001131367949,11.254802529178537,1488.4867015139755,bearing_fault,trusted
2.409284886110677,89.06582503922877,21.541747382648445,1823.397824153654,overload_fault,tampered
2.434520621790684,90.79998438259317,16.865474883617093,1479.7396506704026,overload_fault,trusted
0.8894979522629047,37.81416854422142,10.120064904276019,1593.511718291484,normal,trusted
-2.1570914062865585,71.16387009666938,10.314979999451518,1509.6415413838724,normal,tampered
1.9077715127250303,79.60619520305458,22.581865756249314,1398.665896925123,overload_fault,trusted
4.8841984730264585,19.78649903344074,8.320078411419901,1483.300768429367,normal,tampered
1.8910954986895596,72.8825471824432,29.75472167712864,1891.03908784211,overload_fault,tampered
1.0922825294352245,77.12774641263503,19.320946281051214,1401.9848005041947,overload_fault,trusted
3.2008630905075255,61.9316183414579,11.25486918276931,1495.2737492463466,bearing_fault,trusted
1.4955296592909675,67.04487740500109,20.297543396540313,1373.2292616833793,overload_fault,trusted
3.6343244044157825,55.83272335111067,12.55623913497328,1412.0797279544502,bearing_fault,trusted
6.482663575642032,57.92859693801533,12.283142259504709,1856.9191533199719,bearing_fault,tampered
1.0314442974489257,41.21456526290713,9.760277548755708,1498.9239658708814,normal,trusted
4.106744620323557,64.19579999210217,11.473794361205865,1407.5227064554565,bearing_fault,trusted
1.5181682930628533,70.69878843963743,27.6782342850248,1346.3489865802871,overload_fault,tampered
1.9702719052722524,73.0629932548577,20.830838838138444,1348.2795233660363,overload_fault,trusted
2.039452086335854,69.07326041814989,19.084922946203577,1376.1928863710027,overload_fault,trusted
3.252052201897737,90.64444995276651,5.041610348696015,1418.497472215573,bearing_fault,tampered
0.13632078051362218,54.20408306270278,10.654204402494992,1471.2101427776333,bearing_fault,tampered
3.566944701222799,53.78072462397831,12.842687203977263,1493.7877524699563,bearing_fault,trusted
1.8030761245217355,70.82905691532764,18.454163894115275,1392.3670916087895,overload_fault,trusted
3.6941572189650933,63.270207980818356,12.052366323190137,1514.0968099363733,bearing_fault,trusted
3.1655942972515447,87.32770535876995,19.653225924602822,1476.8927358266812,bearing_fault,tampered
1.68157103018317,76.97195080209002,20.20125467522182,1370.1410027081924,overload_fault,trusted
1.1160678864100912,89.69706567411555,12.213909009494662,1450.1093123788767,bearing_fault,tampered
2.0838392335011027,43.333992421056806,20.506695311955486,1106.4516861756092,overload_fault,tampered
2.16351028656041,74.81236090828511,17.388627674364884,941.1940361054728,overload_fault,tampered
0.8350125029956021,41.3341804545857,8.882430353799094,1515.7435364294788,normal,trusted
3.7438487006576984,63.040251314302964,12.3250447411863,1465.6720575775742,bearing_fault,trusted
3.369945094527035,69.9868829479885,12.245523580995034,1426.4905758721216,bearing_fault,trusted
6.362674785681471,69.29247839329437,18.201472862902463,1338.8810160465678,overload_fault,tampered
1.084497776996774,38.2616797432549,18.549562934216652,1976.1246376871536,normal,tampered
1.909962803961127,74.6189863251309,18.236592487533983,1362.5217731765315,overload_fault,trusted
8.270216479435554,33.3741963877639,14.251907450196455,1515.1648119932006,bearing_fault,tampered
3.373065521036867,56.005176123365416,8.983618753479789,1461.9064240068026,bearing_fault,trusted
3.2158373620254177,62.4189248063098,12.413908410739067,1432.927705534207,bearing_fault,trusted
6.159297983455371,53.44987893998254,16.45169867090861,1422.880914671107,overload_fault,tampered
3.6550077581369886,53.09013847192175,12.595386853978802,1409.457213148904,bearing_fault,trusted
2.6234045130899033,81.95758446356575,17.504708038949037,1337.8762299162422,overload_fault,trusted
1.9295983428554413,86.09653018111173,14.08529327009321,973.5740346757586,overload_fault,tampered
1.314996696612642,74.56994960828901,19.925362967545844,1489.4570779895166,overload_fault,trusted
3.291383745384385,50.722215393439555,11.984221079627039,1448.9254932008628,bearing_fault,trusted
1.6209234313997223,36.09406054757817,14.005156137605738,1324.2560670865207,overload_fault,tampered
2.1943504019286704,85.21304298858539,20.57190799690063,1414.8926585645934,overload_fault,trusted
3.906158184327057,54.69661528114098,13.544058048000524,1541.045673293244,bearing_fault,trusted
1.8221411812160981,75.72806229276398,19.11400647121403,1783.9212079735867,overload_fault,tampered
4.96361580599474,16.92080463765442,9.133834542170547,1484.3856037076491,normal,tampered
2.3074637698479923,67.70221256075332,20.8083559116723,1330.2887692291638,overload_fault,trusted
3.5629562391742136,61.97615109321857,11.880508089560005,1478.7413468919196,bearing_fault,trusted
2.7926814440561225,53.17676288566705,12.727586907443683,1938.7323713120086,bearing_fault,tampered
5.06181785455583,71.30607599304132,27.40610056520274,1430.7537163818956,overload_fault,tampered
3.816952031147676,48.971249371158684,11.257733362842355,1476.265346474682,bearing_fault,trusted
3.063092961162096,58.38047239461258,13.44253039401181,1476.7198961746071,bearing_fault,trusted
3.4699589099661146,65.73216948078026,11.378603228275967,1409.5503103366982,bearing_fault,trusted
6.306590606634629,62.499477509929704,20.254722363119146,1415.9965300777474,overload_fault,tampered
1.8487369714098947,77.86380282037665,21.873881657137233,1363.814300945919,overload_fault,trusted
1.1008369764948875,40.20975874298448,10.81993735450032,1531.6840790522883,normal,trusted
-2.3950789085864335,37.73305985072442,9.67172741483871,1477.280690742661,normal,tampered
3.183351989699271,54.77017434053113,11.027467166759587,1540.4596713954486,bearing_fault,trusted
2.7212319757006687,48.36239432141626,11.516769292034539,1502.7226162356128,bearing_fault,trusted
1.1187500721513823,41.05610341540877,9.746170619798047,1536.3779165721494,normal,trusted
3.8419689911640464,43.574780842547696,11.206975698658063,1193.2599468967187,normal,tampered
1.1161934025509777,41.9997180058286,10.102897273993012,1432.9190886368626,normal,trusted
1.0664744207194388,36.03314081229945,9.052027833372629,1066.056367785836,normal,tampered
3.0184758035251726,61.14074638878907,12.14749065443294,1461.2840606257669,bearing_fault,trusted
3.593823665411493,58.53843159747485,10.185238251324803,1516.155900790506,bearing_fault,trusted
2.1526199662183325,56.98615322168091,10.877376811411684,1494.361012781369,bearing_fault,trusted
2.0191421277241246,77.07432434389378,26.81740491072822,1874.136848427758,overload_fault,tampered
2.9141904758482364,63.157618874968506,11.478664167797996,1524.107015245999,bearing_fault,trusted
0.785966664434298,38.09556050808563,11.184079362971133,1511.915415522554,normal,trusted
1.6044745171084585,74.77055064276841,17.41601169664115,1544.4514546938308,overload_fault,trusted
3.3721147541344827,58.97202938470284,11.32767439985218,1443.6653924072916,bearing_fault,trusted
0.9790990525334562,39.558779501474184,17.48577314428742,1994.5283601620233,normal,tampered
3.6221752215071117,61.67111749513068,12.251486531017818,1485.0635208101758,bearing_fault,trusted
2.5149282444431247,81.01903126505475,20.947895615584386,1366.361730503057,overload_fault,trusted
1.0920780688553473,39.48883472993167,11.175949784752985,1514.451198832784,normal,trusted
3.1508056807737272,51.82748860103694,13.344404972090244,1471.2459879484234,bearing_fault,trusted
1.6969526978866074,70.55546433541488,18.988089789519655,1430.232445075306,overload_fault,trusted
0.9731369419743401,41.01962608357811,8.313848489908477,1476.040539153707,normal,trusted
2.7125354438824796,79.72799853284286,18.75628454575075,1353.450427434086,overload_fault,trusted
0.9647465295817444,39.047684335486956,8.510012197900163,1493.1532184217308,normal,trusted
0.8984677436587203,9.383533492699812,20.78485823895347,1497.0662117474312,normal,tampered
4.716118872082649,39.085233487182514,9.139664194704945,1525.6568757551534,normal,tampered
5.084481808918598,21.790837691926647,11.021176706224743,1464.718324519409,normal,tampered
0.966982929852798,41.009749379816306,10.310779360681233,1534.857853968779,normal,trusted
0.8530637161935399,40.993120464988586,8.726389598206836,1549.3556698355678,normal,trusted
3.607475190165313,93.2086180663529,5.131743860337597,1433.977180473195,bearing_fault,tampered
2.836004996940267,39.4431534083792,22.22881059193863,1510.6840031952174,bearing_fault,tampered
2.0919732612993704,83.24362952511603,19.307181099294617,1469.9893223692643,overload_fault,trusted
-0.8442446256441634,77.64645226402644,22.34834723013718,1685.0732797391122,overload_fault,tampered
4.2829025487290115,55.19535499560481,9.953570300451618,1458.2769530610126,bearing_fault,trusted
3.8206069283033486,59.926579757367456,13.015662283385662,1589.55642711615,bearing_fault,trusted
1.1327192043888759,41.95074701673509,10.424555150419787,1502.2606379930128,normal,trusted
5.068213316671353,19.87971526368669,10.415282398365457,1438.8018689680766,normal,tampered
-0.697642770853145,78.69617038372122,19.348075707529603,1064.965475361302,overload_fault,tampered
2.4948790625134043,67.90631727360962,10.358814769775584,1088.845616902692,bearing_fault,tampered
1.3020968845040706,33.459369806531576,10.688423766369157,1547.357575213972,normal,trusted
1.0764965083181346,45.578484422869934,9.718780211885365,1404.1163407198683,normal,trusted
1.0619150172121412,39.30362292851393,10.620601840359928,1156.0549982263399,normal,tampered
0.9624215273310063,42.089235672468305,2.5861116531723933,1511.1425729301156,normal,tampered
1.7575194669701921,78.90285553205169,21.74780473769135,1419.0563688499376,overload_fault,trusted
2.220634044081517,122.29507546824786,21.10362429464093,961.1915392684159,overload_fault,tampered
-1.5286842139651278,76.55216590390037,21.11102155099303,1383.8949904326255,overload_fault,tampered
1.7105085025737,73.74078403527945,28.939660129092353,1392.8545551011546,overload_fault,tampered
0.8843633866757435,36.54974351754291,9.399998611001191,1477.0229862613446,normal,trusted
2.2378912654935177,75.40160276443814,19.986311009791056,1530.219604855113,overload_fault,trusted
1.1099083050827216,36.29556073926557,8.437747575961401,1441.6187890038816,normal,trusted
2.3248525992241107,73.05435155789489,20.221963986836183,1428.134442733848,overload_fault,trusted
0.9770434810142062,39.86023818898198,9.441055651212135,1500.56452953466,normal,trusted
1.0333772471745553,46.026266158555416,9.606767339074267,1481.572265621936,normal,trusted
4.1287458211329815,59.02828320297449,10.155503006188965,1479.6504339571215,bearing_fault,trusted
4.263173977582946,56.68842737209503,12.91823252653345,1475.9380785598157,bearing_fault,trusted
1.9411495499248939,32.50040411677931,17.68397998231248,1115.5697444336222,overload_fault,tampered
2.3830391569083424,76.93000213890505,16.650851992134548,1403.2043400546595,overload_fault,trusted
0.9753805973360747,37.714076625069225,8.485463071009516,1519.4569210954805,normal,trusted
0.9359319713951735,40.0797560239783,9.629955426940336,1519.4015501621336,normal,trusted
2.091066270857129,83.35738396190052,22.31620700180997,1413.0330565237464,overload_fault,trusted
3.3850932732870955,63.75111879248727,9.61395852763593,1547.9245467446428,bearing_fault,trusted
1.721823906618872,38.83976888802182,30.110242722215187,1424.2227528256888,overload_fault,tampered
0.8946217159685499,42.26874449088942,10.03175482127805,1528.9510479867429,normal,trusted
3.4619891615247083,59.24802815507471,11.827779861905903,1360.4619315716172,bearing_fault,trusted
1.0887295206761136,41.130843357086114,10.997769136913961,1444.0017733070479,normal,trusted
1.0526791790485959,39.27868840878897,7.666272095442347,1460.0927600172095,normal,trusted
0.9306953335173219,39.02804567351071,9.858512645141763,1524.0692264791223,normal,trusted
1.144702434506588,41.45548333763721,10.331693028021363,1500.1863001158094,normal,trusted
1.5802797377880413,76.22644810069406,20.14287859617119,1380.9664412400116,overload_fault,trusted
5.9854152523158515,78.0954557097977,20.254223865249443,1310.211117502597,overload_fault,tampered
1.8169624876975803,75.93659645532453,21.872582863997106,1390.2214943799395,overload_fault,trusted
1.042810754837003,68.28922350382194,2.9770573698601606,1479.5766817423137,normal,tampered
1.007923683707346,40.758654444909695,9.965937103164444,1440.4027485837341,normal,trusted
1.0285282722798734,41.191099900046474,8.179410877022598,1559.7368674146642,normal,trusted
3.1051459964777455,94.31946739005775,12.232881778516225,1859.872310869731,bearing_fault,tampered
3.1768786357845875,54.88589581738588,13.976388736831199,1529.74978029814,bearing_fault,trusted
2.4994828553518036,67.49350000473166,17.657896665631156,1455.1380897124611,overload_fault,trusted
4.0477010970451195,58.094125482905234,11.46243828689462,1499.9850478083556,bearing_fault,trusted
3.500751718180626,56.25756960986552,11.98624562039077,1439.7694995010136,bearing_fault,trusted
1.1133299042248328,15.55002664199526,20.38192845874887,1464.9041695747994,normal,tampered
1.985145736480279,76.93718472073417,19.567387323560244,1381.7839297432054,overload_fault,trusted
0.8578378427605211,47.15158311394562,9.081677699847994,1908.7613152616661,normal,tampered
2.1452677723258686,91.15202366577859,16.797206602869863,1468.6258029523763,overload_fault,trusted
0.9658763394351886,38.875165930452596,8.417800750106297,1462.4234494801851,normal,trusted
1.1302344405335092,40.50911963542843,10.15608317851431,1471.3854560584512,normal,trusted
2.150357366872437,70.93757096609855,19.62939795525712,1360.7656153764176,overload_fault,trusted
6.430686580390832,39.36678871998851,12.272301730551751,1518.1533124666707,bearing_fault,tampered
1.1811844819744377,18.571802036603756,19.630686237663244,1442.0619623604484,normal,tampered
2.364435342964856,72.75843639319444,19.12036895906118,1421.8722880775144,overload_fault,trusted
2.09899522765311,70.40879978988316,23.725135850121823,1339.10578212394,overload_fault,trusted
2.0030627859688264,76.0449600187416,21.817072358489863,985.637285988249,overload_fault,tampered
1.575640304616791,77.48681758831157,21.71003316806492,1283.754326158796,overload_fault,trusted
2.3344916106819635,84.99924120776632,29.622675500746187,1793.4604560818555,overload_fault,tampered
2.619062447142017,81.01134227803878,28.100506512700722,1342.4933451715558,overload_fault,tampered
1.1375552200633874,82.11313155883694,20.020142623148075,1355.6401044740405,overload_fault,trusted
2.119045438094337,70.13222858973889,21.14329490440521,1473.2013567082313,overload_fault,trusted
4.943519787210214,76.76502387311534,26.31690077873903,1289.6024524215193,overload_fault,tampered
2.7990444173380573,46.271058787483014,13.146744605449697,1439.0486617345298,bearing_fault,trusted
1.0383280316549475,39.65737032466649,9.05403954223485,1460.158564556367,normal,trusted
2.068415449107573,41.805570472135216,19.33998235106595,1820.9916603593163,overload_fault,tampered
1.0460072637224194,38.910218057293584,9.487607942515659,1443.406420994227,normal,trusted
0.878130510255095,41.768640658106804,10.731699243189478,1536.5974042073244,normal,trusted
2.8088673509481263,56.81551220443353,13.306285386519303,1380.6390454180064,bearing_fault,trusted
2.3456877475249733,78.6454728574006,21.55164407934056,1389.9247095788937,overload_fault,trusted
7.56546645313087,33.28251815124621,10.353107517951337,1452.7354825626298,bearing_fault,tampered
1.634756944141368,71.22945790472801,19.77877041501169,1398.0825210252983,overload_fault,trusted
0.9107694125424923,47.372272276227676,10.19071069986994,1436.2527380326376,normal,trusted
4.24850060660385,47.656615230570864,12.924510268314085,1907.241787310354,bearing_fault,tampered
7.302135095074248,57.70543610251347,12.953204883491287,1425.5444795848587,bearing_fault,tampered
1.051698520360946,31.98149670069119,10.862274684596146,1563.7719327469995,normal,trusted
2.580830840090754,80.91219706527326,18.021688641459825,1319.1052402935625,overload_fault,trusted
1.1467049606408837,36.51376146179714,10.60948381923397,1554.2461698145194,normal,trusted
4.817249536537483,109.42694408531078,20.36670590955336,1370.9178833428136,overload_fault,tampered
4.540746735744924,57.82010651904252,12.650739427657228,1537.4537248098393,bearing_fault,trusted
2.061982738316836,80.63844837361907,19.18425804608526,1456.1708270165602,overload_fault,trusted
3.952966751222472,65.43019446757573,12.114117571138614,1497.6511440287,bearing_fault,trusted
0.9061100399246265,36.688034093885015,10.742193919640965,1460.3180141103096,normal,trusted
3.5737661054464858,59.2458525064409,12.672154978200707,1501.8835824349417,bearing_fault,trusted
1.1335559069992316,38.30111525325698,9.60782227996898,1464.4394214707122,normal,trusted
1.011055199012093,39.866691496886936,10.011744111911769,1446.074292630757,normal,trusted
1.1502070010278234,40.34375331107164,10.883952391166181,1508.031112756045,normal,trusted
2.2363007928842884,78.55673917584625,19.616074993094063,1384.2420019541994,overload_fault,trusted
1.0376689853749064,42.99800899742347,8.842396338867987,1448.5976199389647,normal,trusted
1.0278593587680063,39.72010405103953,10.51871520899097,1525.8892377944524,normal,trusted
1.0014992942473224,38.70598168528147,10.1983580486815,1529.6785560212295,normal,trusted
3.9062197760670894,64.07278427976972,12.381963033484809,1444.860109783041,bearing_fault,trusted
2.6977735150145943,72.81087611917214,18.23758986604081,1463.0747167399668,overload_fault,trusted
3.228480111533907,51.889978065201035,11.765068133712045,1416.3088783930384,bearing_fault,trusted
1.0401154154197256,42.7489343232237,9.244837180222397,1499.0398326035697,normal,trusted
1.1112926177869817,41.29778335517846,9.634552015409069,1534.847218214124,normal,trusted
1.1365548123280058,11.09453174333671,19.697371826108636,1467.1153040351535,normal,tampered
3.5448061160718227,55.734026330156325,10.65724605071749,1471.591677645635,bearing_fault,trusted
1.967407347786455,89.73336503140614,27.92966995105165,1371.24769410572,overload_fault,tampered
1.6819505384620985,49.64695006873184,30.71898055431793,1414.9905753062847,overload_fault,tampered
2.563680428016559,65.05583587074638,13.336048597258701,1499.220710140087,bearing_fault,trusted
0.94495896580728,39.653503362103194,9.861703134045252,1455.9916133756522,normal,trusted
1.1174311436397957,23.218512399324922,20.40065050683689,1473.2216355585904,normal,tampered
2.129517255840231,76.19249296247266,19.186214180113495,1355.1144738878947,overload_fault,trusted
0.959508429507259,80.01292292702948,9.921266073073776,1507.423979539593,normal,tampered
1.0542800740771767,40.81028630259186,10.259271377856038,1536.973495511081,normal,trusted
3.4814319808395093,50.7268093873503,10.814925956696744,1490.1813214532954,bearing_fault,trusted
1.5052334485223806,79.00637500629587,18.93576069635333,1414.2246311293718,overload_fault,trusted
3.2419379865245914,42.01734663977902,22.108217601630532,1457.1615826925602,bearing_fault,tampered
1.8880188614733893,119.26411428081431,19.785460595325638,1358.1182794006593,overload_fault,tampered
1.3861769087295692,72.57119949756765,19.905029344846117,1310.1219563870725,overload_fault,trusted
2.2598818735839536,83.16539037778027,12.973592820838338,1365.8741066427156,overload_fault,tampered
2.5081484382866153,86.44138542591529,18.72111223491131,1371.8007819126053,overload_fault,trusted
1.8308808340462217,70.2427786259355,19.885020620229792,1462.4200737807457,overload_fault,trusted
2.029133123126949,69.61568041761916,24.5399773875426,1491.5015033325014,overload_fault,trusted
2.066002491719025,74.62617254666074,14.935692173457127,1412.0401886855616,overload_fault,tampered
3.708222102565909,15.899225436247406,13.870048508456215,1493.2234234352572,bearing_fault,tampered
1.7808859619806214,73.25093819425379,19.20638494780488,1402.485601498746,overload_fault,trusted
4.2529226314645,54.691382009059275,11.552580855810323,1425.460989641663,bearing_fault,trusted
5.117118793977901,17.65642692155898,11.48032985790002,1527.8930291509876,normal,tampered
0.8663934349693783,31.13314352696479,9.92784606929809,1496.644073910191,normal,trusted
2.382392346858619,83.26891147154294,23.94385567683684,1428.5181408680678,overload_fault,trusted
1.9053534554243907,76.55338856417912,21.008512773232436,1363.1428092269991,overload_fault,trusted
1.9641677685369507,42.98241744504844,18.90386233557115,1689.9933314004581,overload_fault,tampered
1.6522695241470289,79.15865880872896,23.64545465409992,1413.8994691647817,overload_fault,trusted
-1.7974936352616033,34.87480032113996,17.228099073073817,1435.152076472727,normal,tampered
4.884089012078185,69.67071998072798,18.2432321656554,1738.0242913778432,overload_fault,tampered
5.056550054941507,21.18946045223275,10.461866193427744,1486.4083133903573,normal,tampered
2.82369073689652,57.56314364753417,10.523823226688132,1480.4603150348958,bearing_fault,trusted
2.219587618793633,69.69356321034589,22.580757821908417,1394.7409595805875,overload_fault,trusted
-1.871209060185301,41.282443126362516,8.62700105801236,1113.2353019828008,normal,tampered
1.5141490720614361,78.18266354206219,10.575952877040962,1783.885927542337,overload_fault,tampered
0.9425076194905624,37.5715410433217,10.290407398171613,1525.8764108986215,normal,trusted
2.57925811524082,58.47903755577949,20.599088946165253,1912.5535550957584,bearing_fault,tampered
0.9818737746871685,38.63341646498971,9.964003833885595,1452.3282209201573,normal,trusted
3.329557640028207,55.70192456963037,13.191671435624638,1440.6527983243375,bearing_fault,trusted
1.1657534818670712,79.28158680465103,8.25087484798628,1542.1985600817184,normal,tampered
2.4055249931727056,51.1887526006627,11.442027991453807,1485.5174269264671,bearing_fault,trusted
2.166157458905096,78.51459866368702,18.76972754096174,1473.8977470730083,overload_fault,trusted
4.771456585232104,38.25255509045169,20.562716643960666,1467.7835790323327,overload_fault,tampered
4.342200482870223,57.79331359518045,11.716962819129016,1423.424899643661,bearing_fault,trusted
0.9883256081903813,39.31212203934307,9.507045808007444,1483.7466862731594,normal,trusted
3.260091997567342,61.59913990465687,14.80446249273608,1527.5859607052025,bearing_fault,trusted
0.8934765213142528,38.317737507736766,10.035373602320146,1507.8501289795925,normal,trusted
1.160294120358428,39.933256615452365,9.352699212047169,1455.4466649941094,normal,trusted
3.780553915803995,55.202646284255486,11.810256295993602,1483.428432073393,bearing_fault,trusted
1.044202793524079,40.5521734938147,10.045129253735656,1513.7023613071838,normal,trusted
3.4759364178526853,62.51912844304759,10.958760763687886,1532.0960760313683,bearing_fault,trusted
-1.4964529345023765,107.54107144856268,21.73070919537285,1400.939400011175,overload_fault,tampered
1.8122281313152584,74.70735425664277,20.33837271005955,1427.3580722116096,overload_fault,trusted
3.5299772582467193,52.85995351051746,10.987970999083464,1489.1665034093749,bearing_fault,trusted
0.9790992719434051,41.52969474542961,9.932384094790821,1467.3016327548214,normal,trusted
3.984236109672901,65.94921116951491,19.73906537660468,1888.2533707936336,bearing_fault,tampered
1.9978658746089868,73.57794321669185,21.42901337759042,1415.5235916971933,overload_fault,trusted
1.777999367008036,73.97258513341488,30.109249082638474,1832.30312520605,overload_fault,tampered
3.4938996545337924,56.03351026488927,12.714927134100403,1453.3163067027037,bearing_fault,trusted
3.6749775400332743,52.98068708191243,11.804096425007025,1537.644063631381,bearing_fault,trusted
0.37088113229060005,14.661338022085076,10.955793849120264,1412.3677153476729,bearing_fault,tampered
4.168312906152199,63.60955534537062,12.377546853565853,1463.5406799002092,bearing_fault,trusted
0.9812034522810291,42.7730732715623,9.265797170065989,1436.6634060878969,normal,trusted
1.7470279026237348,73.4176729728457,30.43458135802533,1461.050430875993,overload_fault,tampered
-2.474139043683789,40.90914484879815,10.426601616971011,1511.1467323378804,normal,tampered
0.9721159312747875,13.899963619048435,18.527171066165725,1500.7419525229327,normal,tampered
0.8092519008029238,42.3873340292327,10.218290014420619,1472.5809631136183,normal,trusted
5.095665759273649,110.24091369412186,19.833174314400996,1362.819617105191,overload_fault,tampered
0.8593591368886221,39.268311669467984,10.692980160686822,1564.4439465049416,normal,trusted
4.047583787568799,55.03421746330959,11.890519090392933,1476.858695770144,bearing_fault,trusted
3.420501019501118,63.54475286478214,19.81763904069721,1457.6082451609277,bearing_fault,tampered
0.9013299979251616,45.40522584324144,9.929108843797467,1561.3426644092829,normal,trusted
1.946501732961204,80.55889442538172,20.278562056321455,1446.1577017433528,overload_fault,trusted
6.543098813929422,59.38751533063535,20.317624102374225,1407.475292126916,overload_fault,tampered
2.0530933292256437,70.64208696421636,20.87127713940127,1342.8514832120607,overload_fault,trusted
3.131933526063967,60.30776958980639,11.537421152712916,1417.9730646206049,bearing_fault,trusted
1.030625610022705,41.02452605661041,9.908177640798462,1534.1832879492345,normal,trusted
3.7098315691516786,26.509204941796916,21.612214124030046,1481.8308691184857,bearing_fault,tampered
2.3184989519243273,47.59043916682812,29.75232052474138,1497.2012380985445,overload_fault,tampered
2.133875229217956,65.32109731527879,17.729115174886598,1411.367988526386,overload_fault,trusted
0.7611025605851203,36.52760610329973,8.553484762503404,1469.8019993149355,normal,trusted
3.245379507519829,68.60185124521263,11.919113546304867,1490.738288083485,bearing_fault,trusted
0.9273999144629523,37.62242250862626,10.58946922473604,1496.2363189506877,normal,trusted
1.1777746657190769,37.41747496442929,10.38807509479769,1475.7084836649826,normal,trusted
4.771731453652163,41.872539192692074,19.366087820168513,1449.620116037548,overload_fault,tampered
0.9084331348366279,43.95703959322419,10.583863031212424,1554.802283592114,normal,trusted
2.066106149842088,68.0323685833612,21.295345646109745,1369.2484374764622,overload_fault,trusted
3.856899320971834,54.145776867710964,10.045728613245414,1484.3313035748477,bearing_fault,trusted
-0.4844833113163389,88.70314102740448,13.627655391863698,1504.3950316484636,overload_fault,tampered
1.0995422850428889,37.361471114023175,9.111255123827423,1432.9552192435851,normal,trusted
2.8242744604353267,67.9637140041766,13.224396479928776,1520.8922008314762,bearing_fault,trusted
-2.614637381058377,35.75944802904204,8.740912855571292,1510.257682864342,normal,tampered
1.0582147070643497,39.17802470530899,17.22989561993124,1953.5457469303642,normal,tampered
3.3270394720102368,51.37470183587323,11.445207323208342,1495.4883547202223,bearing_fault,trusted
1.352931533957765,77.65818527508833,19.735568060518254,1356.328064732871,overload_fault,trusted
3.16651960902347,62.70690975245172,12.74192991970893,1500.9036309372755,bearing_fault,trusted
3.544131257803251,56.733856486912764,13.255407710486642,1447.2416052940378,bearing_fault,trusted
3.717059387675898,55.690034988228696,11.59489482826941,1501.0610914590986,bearing_fault,trusted
4.485059817837858,57.962818266772054,11.436274849102205,1444.1489872340098,bearing_fault,trusted
2.6593894725599436,57.761414909147845,14.161941781188503,1467.3368292190403,bearing_fault,trusted
3.4248576666799897,18.554968225356284,11.317783281045141,1498.6380195942568,bearing_fault,tampered
2.1510224167449365,69.1534312319876,19.48455153561148,1356.3412494202084,overload_fault,trusted
3.1478418284100096,59.8987143781398,14.038773688817885,1408.6201311310328,bearing_fault,trusted
4.823808348815739,28.399091665511932,11.136022334229683,1519.7648501124606,normal,tampered
0.9803868521770585,42.47125939562854,9.645590277406827,1536.3401475144337,normal,trusted
2.3276558986503257,75.5298959469261,30.59579193267829,1773.9075597811984,overload_fault,tampered
3.250482029670817,59.32712022819804,11.280596180313024,1526.8567504882042,bearing_fault,trusted
4.139619497716777,47.25341660834934,17.716174721780945,1483.704462714399,normal,tampered
3.485297880661374,58.20999543572046,20.26126438752919,1834.2613303695837,bearing_fault,tampered
1.4320363090337584,70.78733544698099,19.865988899506227,1400.91188268641,overload_fault,trusted
2.171045809984914,81.38429319146142,18.817575273822555,1383.1573298990083,overload_fault,trusted
0.9291151583243816,40.6083251447571,10.045928057150526,1465.481596131919,normal,trusted
3.294340272648512,67.10316298602861,11.834344187375851,1491.1014743328474,bearing_fault,trusted
2.001024765202554,79.03378031064594,21.234011091562977,1389.8642800511054,overload_fault,trusted
3.845842780555535,57.068114680216084,11.257079232090964,1442.9036063712167,bearing_fault,trusted
2.7130319199858777,84.03912521250922,5.000658208223006,1410.4082170793038,bearing_fault,tampered
3.4231290344426912,54.07346203682134,12.936113124929708,1520.0406569161557,bearing_fault,trusted
3.3162230218011466,58.73065820478474,12.615949937148073,1421.162487315213,bearing_fault,trusted
1.728759863518935,58.087530524497055,29.546855952468334,1506.618904828719,overload_fault,tampered
3.891042290763773,64.16683775040272,5.271231050256899,1499.414879262667,bearing_fault,tampered
3.507812639865485,55.30914891725798,13.736025145860177,1416.6358396389778,bearing_fault,trusted
0.8879658783988148,38.13337766411585,10.189460893430422,1542.6203815607898,normal,trusted
2.065032439007843,80.42716484907426,18.48229704438212,1469.4271221945555,overload_fault,trusted
3.9547616601709867,54.53459724005896,11.383782754024432,1411.0402622827514,bearing_fault,trusted
-1.933090898861022,42.23300076624903,9.62204783034206,1847.4994108933338,normal,tampered
2.953002792973891,54.94696301850185,10.657645662533799,1519.7696523807583,bearing_fault,trusted
2.8923339683085696,55.91455886429024,13.121004406916303,1470.1478603002092,bearing_fault,trusted
1.6690319705331413,86.29040438193485,18.93791125995414,1458.509642214403,overload_fault,trusted
3.861891556246248,57.71222668767041,12.073796981769373,1492.0101451309372,bearing_fault,trusted
2.3235267579267767,78.26146397898367,20.187584286667835,1399.5934786184307,overload_fault,trusted
2.5018887726376184,57.23155965741249,3.7931289269056094,1409.1936715156642,bearing_fault,tampered
2.530826871804381,81.17707055452021,21.585862058768875,1386.8833754834866,overload_fault,trusted
3.8828541786827455,55.62792702317078,10.894227704784694,1462.4942040258206,bearing_fault,trusted
3.3030579132508873,61.17906631094384,20.45974469944882,2021.2190714221886,bearing_fault,tampered
-0.9163584155656217,81.99863235091263,19.370353205715446,1438.4977368454531,overload_fault,tampered
-1.4815534441627165,39.54465389782041,18.25104841868016,1429.1047794082751,overload_fault,tampered
1.9272162860557858,76.32459452776189,19.946090597058053,1493.9379756375906,overload_fault,trusted
3.229118823467665,56.292430928093,13.249052167986166,1525.0856446125829,bearing_fault,trusted
2.0140157734352613,72.27069233215508,19.21494237934814,1348.248278385387,overload_fault,trusted
1.0700543854351539,35.568571104662716,3.02202415339222,1526.4991429036056,normal,tampered
0.8659139064412471,39.851323487345255,9.752782107843,1461.9874246085633,normal,trusted
2.08418446308552,72.46199375728546,19.56064042142678,1411.2630435664723,overload_fault,trusted
2.0391843192737915,83.91593598035112,21.015159192178963,1369.9273291435347,overload_fault,trusted
2.16707484582922,66.43234153224861,18.59682028105303,1328.5378594702709,overload_fault,trusted
3.5031322756528778,52.43834042609322,11.780009082286623,1496.9846493399161,bearing_fault,trusted
6.917921670474591,48.09055278377892,15.064728037894776,1489.561854094668,bearing_fault,tampered
2.3595954419399536,81.50516966505616,20.88778597959493,1350.3314702213506,overload_fault,trusted
1.00367577911133,38.49776576872925,10.219043076258815,1478.895759060155,normal,trusted
0.9218350851918937,16.734464750593567,20.163478149767165,1389.971679429134,normal,tampered
6.475321749892219,67.7762510368158,20.408517087137056,1410.3467233983201,overload_fault,tampered
4.066030449164044,39.848577781655734,17.451952522837452,1447.9180139623852,normal,tampered
3.1246878024430917,60.256146927609166,12.048938392708111,1469.2764974462918,bearing_fault,trusted
3.61587963198513,52.780421793387816,10.886397168385123,1536.2252985301895,bearing_fault,trusted
1.1425270111914323,42.519767815398396,9.847942661679404,1606.1116845288723,normal,trusted
2.097037548532812,73.23374316087693,17.22162607111926,1325.5303170203074,overload_fault,trusted
1.3123095876124449,86.18331944612434,21.933036301090873,1410.188683231984,overload_fault,trusted
3.649372668286978,52.778889922119205,11.101559533245918,1494.30589351312,bearing_fault,trusted
1.0558096251400368,38.95742976341944,10.169109180038614,1519.0356951439262,normal,trusted
1.0975121545304374,39.452500472049216,10.011257666298803,1581.5858635045324,normal,trusted
-0.6198362180267902,77.21393739267967,27.14483211944975,1478.7304458025387,overload_fault,tampered
1.0389861662589501,34.44273125503314,10.063372038243312,1128.0412430298604,normal,tampered
2.2289927526507483,78.70337599001235,18.53006675452307,1431.7667525129714,overload_fault,trusted
1.7039234315748046,87.73638498381389,18.41806368299937,1382.0657547832975,overload_fault,trusted
1.1077378490092658,35.54483356261769,10.172078508655229,1464.3083935116488,normal,trusted
1.5872194548017902,83.74962242403194,19.715617906078855,1415.8254509470376,overload_fault,trusted
0.933256964938105,40.486178677188626,9.689769635560568,1478.3124955945095,normal,trusted
1.89592105854254,78.89965317732151,20.126825324621674,1423.3362208509297,overload_fault,trusted
0.8995122131407045,43.871691286963525,9.368010916905918,1510.4621353404452,normal,trusted
1.1631025090288523,38.28565234240979,11.538356955253262,1436.9832457893037,normal,trusted
6.80334256727939,58.65597744671698,11.802326117318097,1143.748659639973,bearing_fault,tampered
1.938468198440002,94.93870446760288,19.59412834979567,1387.2542512344903,overload_fault,trusted
-2.379779923654071,39.20337857611229,10.004149158927216,1547.5364451486744,normal,tampered
0.9546204935152732,41.169075115960005,9.097637581195464,1519.3576875458837,normal,trusted
2.8487657486625504,77.46132450197277,18.865032651400675,1428.584847281865,overload_fault,trusted
1.7527792491200342,46.58121920115981,29.931544636992864,1375.6077006341552,overload_fault,tampered
2.0279592739147647,76.6942974011433,21.626530062001777,1486.4994226655344,overload_fault,trusted
1.855180406827825,71.47584813765677,19.498400894229118,1401.9288232425765,overload_fault,trusted
0.8571419494373973,74.30682096030154,2.524218124980802,1509.3925645806482,normal,tampered
3.670335323298141,54.160222831299244,11.393813052365866,1490.5679211379588,bearing_fault,trusted
1.832347409921562,78.05982231156734,21.087616674723314,1418.831977887301,overload_fault,trusted
2.0327563178916086,83.40766043735805,19.974416264164272,1334.8633160635911,overload_fault,trusted
3.2241530760400052,52.92920153929894,10.520867445858238,1521.9629446145323,bearing_fault,trusted
3.8411051959251985,57.14652926890565,11.784244376652179,1524.1137405441557,bearing_fault,trusted
1.9953788188847947,82.06143758938691,18.63640203374332,1458.8634049870418,overload_fault,trusted
1.2254054958391756,72.16423034437987,8.866392869517611,1855.2054861572096,normal,tampered
1.1291488188959662,42.323484111596116,9.605712184883552,1497.8643927140058,normal,trusted
2.571040282587667,73.57364543126269,19.371541525373406,1394.6964858548245,overload_fault,trusted
1.9162872897309704,71.82647025310774,28.257684422799432,1832.5909718172657,overload_fault,tampered
1.1571460821832633,42.564057190406686,9.55164042495754,1476.8625816467502,normal,trusted
2.1176310491965245,80.90159589156313,30.45662118880716,1917.9770816413734,overload_fault,tampered
2.1699396574358634,83.6862705395512,20.170789427225785,1415.5153744054332,overload_fault,trusted
1.762997811068884,80.51564798040155,19.190456322101763,1856.7803983753672,overload_fault,tampered
0.736577950417335,15.802620858379662,20.027342172579658,1503.4157641298134,normal,tampered
1.8378123534304334,82.8705866809665,17.185923693443264,1422.1209403798093,overload_fault,trusted
3.3989463753158686,57.09932684941217,21.143075588505656,1966.9346146797218,bearing_fault,tampered
0.8917092286248984,37.43872233223777,10.110564103482623,1586.5133176619415,normal,trusted
7.272603057954745,37.78683302171783,11.361570792731445,1443.5076852231164,bearing_fault,tampered
-1.150207607154817,86.23526570458347,20.7978321788027,1104.7336544351006,overload_fault,tampered
2.4871136586674862,72.46689651173949,21.051742577239143,949.8576391959223,overload_fault,tampered
1.9656432840232663,88.79398666106849,21.315059866063795,1427.7327836434176,overload_fault,trusted
6.1806216157485725,45.85098860294835,10.495259261591197,1470.0149231365358,bearing_fault,tampered
1.7242758315068438,78.59405773621405,21.378228600177568,1378.8677432474162,overload_fault,trusted
2.0424311957657455,85.83146720046041,20.490364438422986,1308.7952180325801,overload_fault,trusted
3.4231995534962314,65.89501555794945,10.771409784088153,1497.213745677291,bearing_fault,trusted
5.040434801127223,15.568076737048003,9.880531810342802,1462.2792274683459,normal,tampered
1.0297199081330732,41.316973088166684,12.16318808582351,1500.8557052671924,normal,trusted
3.844751983545184,57.04446895110045,10.06381063974051,1447.7976539160056,bearing_fault,trusted
1.9012913909590001,80.31421491581139,20.61228570413026,1354.9559059572096,overload_fault,trusted
2.0937119860760225,83.16236153382344,21.17694682007509,1398.1607937921751,overload_fault,trusted
0.9486934622404576,43.03498124111994,18.052786641534595,1962.2574374250485,normal,tampered
-2.423698799408088,35.43305730817582,9.422111712906093,1436.5594071700975,normal,tampered
2.6309418600171504,79.48294262446623,19.750457037722185,1390.3377155373248,overload_fault,trusted
1.9270578639236917,84.83220481850364,12.187545781768318,1123.5998541772115,overload_fault,tampered
2.4619274113056697,55.26118185826564,11.563515521634983,1561.2890626841067,bearing_fault,trusted
2.5096004498997893,57.09388280604046,9.813706754373069,1456.67344835141,bearing_fault,trusted
3.1313492086655286,94.25606898648095,10.170069837670619,1754.5568241566446,bearing_fault,tampered
4.018636907453795,58.18861448341119,11.909341824262825,1479.0022738078771,bearing_fault,trusted
-2.564595891437998,42.59909870495512,9.498143259266497,1505.95085099891,normal,tampered
1.6024668838628724,77.02004230910748,20.055087542396727,1437.284805848907,overload_fault,trusted
6.828464351296852,58.928067538454904,12.83939671709991,1437.8262001513706,bearing_fault,tampered
3.1022690233912815,60.441023198667864,10.963738711931232,1311.1855521139319,bearing_fault,trusted
1.5401976629458658,73.25188759754748,19.218999553086206,1393.1993986001557,overload_fault,trusted
0.9804800895346111,38.32668596203173,9.793035278651416,1492.5116399648716,normal,trusted
2.8792955256314436,60.346704831070944,19.52941564322775,1786.3463527648892,bearing_fault,tampered
1.749845392248198,65.59733865234361,19.670764602387514,1371.568485231355,overload_fault,trusted
4.542231692498239,43.29755198135593,10.81723509278519,1421.5753508650719,normal,tampered
3.1346819008713442,53.208061625078656,21.43489307445025,1942.2399053675324,bearing_fault,tampered
1.7427297711835679,75.91387898906713,23.468099826804444,1403.4497053834314,overload_fault,trusted
0.9014335984930737,39.67081764491713,9.15427610068938,1558.8834254869034,normal,trusted
3.854100357814775,62.097030604323976,9.663258623642612,1439.8744254055252,bearing_fault,trusted
1.2074437173286712,40.328943263722024,9.760529673798622,1545.0306545950532,normal,trusted
2.7037459030349433,93.98642813139293,12.841948332532626,1421.489976564848,bearing_fault,tampered
1.578293789054626,74.11033575553738,19.472925411326855,1367.445362286409,overload_fault,trusted
3.6380209961310546,62.59073112603917,11.682970380210167,1416.5229432244048,bearing_fault,trusted
1.002278942396813,2.792744029249043,17.813741878096167,1531.8005380564603,normal,tampered
2.965216582567403,58.32584533182116,11.955171115669794,1491.7580263294542,bearing_fault,trusted
4.299309643635668,65.01978026775006,10.693337434543748,1445.7461921274407,bearing_fault,trusted
2.471075262083561,80.47713910798534,19.266229502234104,1442.4938064692121,overload_fault,trusted
2.989564670414593,59.42602963182879,12.203213762294693,1421.8552238888435,bearing_fault,trusted
2.0439176507193673,87.13856949741029,17.896152764272664,1361.732078571736,overload_fault,trusted
3.969150931172516,60.911763036835616,10.87156436369528,1448.5068613490441,bearing_fault,trusted
2.497859779927568,118.7629933677102,19.417651561276195,1414.548888205954,overload_fault,tampered
0.854515804832833,36.35349142346291,17.646515374165702,1988.7505749905154,normal,tampered
1.8764481475255594,86.55646873327609,20.619989935228247,1476.168977533143,overload_fault,trusted
2.8332379580307734,60.29915153232413,11.47506748524532,1444.56653872961,bearing_fault,trusted
1.2465454113544931,79.2330808848566,10.250031931186063,1542.9551901324767,normal,tampered
0.801788902218488,41.386637467031875,10.029444399277564,1583.6577948728132,normal,trusted
1.0504226318469925,35.62858626124133,11.508951326844866,1439.6126008297304,normal,trusted
1.0651785121966233,40.10672943095388,10.402438934701491,1519.9910923201867,normal,trusted
3.585346052890243,53.86599481134497,11.5599203282495,1158.8147402382285,bearing_fault,tampered
1.7321100853958442,77.93263893548024,14.593729843029529,1439.4657126945217,overload_fault,tampered
2.077122559602479,78.5819770628294,18.710516280793968,1276.6215103643756,overload_fault,trusted
0.8239545705530811,40.305777662117976,8.802101463924371,1466.5107150492124,normal,trusted
-2.6104546907499158,40.03754127826459,9.253419559448531,1508.6485897690648,normal,tampered
3.5770371123312352,62.00209178957607,11.031047044325803,1486.8443202316546,bearing_fault,trusted
3.816869536524961,56.391758256790176,13.078834914259941,1450.8180807294998,bearing_fault,trusted
1.4597770779725407,80.41768715948612,19.014735166793603,1370.7373524686077,overload_fault,trusted
0.9680335011989254,44.362150544372376,9.13231150205101,1475.4970589623938,normal,trusted
1.9047425018400337,76.90603792459213,19.335581779535232,1297.1444466486646,overload_fault,trusted
3.570702624827908,54.146374242508955,11.459102309737203,1505.5693596607905,bearing_fault,trusted
2.049806315268991,72.59597411968817,19.567242959739108,1463.5198205533484,overload_fault,trusted
-2.0581676913858793,39.48565050553662,9.420340937449673,1216.778197267141,normal,tampered
5.871536494976088,59.87729864557966,18.556606139286657,1383.439977298927,overload_fault,tampered
3.2213361401895737,62.3398996717413,11.754932428406635,1445.942989187979,bearing_fault,trusted
1.9298335423688109,74.27808340487005,18.86643281122795,1429.8389624783163,overload_fault,trusted
2.71829751675508,66.10962063977615,10.687561147799476,1339.6352373454226,bearing_fault,trusted
0.725045258968228,45.15638500914958,8.980305278387595,1470.1471763772704,normal,trusted
3.47975356537065,57.13907419352438,12.194104108048831,1491.641664047756,bearing_fault,trusted
0.9553939964097166,41.65357518610508,11.201623401474505,1562.1851946491167,normal,trusted
2.7419047411770423,80.57231803743689,16.931188654612665,1400.8030128450969,overload_fault,trusted
1.026769569115033,43.58085571556913,10.325811114988374,1510.6953067165869,normal,trusted
3.264243650741119,59.99815343080036,12.9600709639216,1483.9229004396877,bearing_fault,trusted
4.068767790637223,49.575685822454375,11.520319023295741,1456.5910852735772,bearing_fault,trusted
2.777757277258228,65.60053061208436,12.925299563969576,1504.6725996235107,bearing_fault,trusted
1.1073055994216092,37.89079275730659,9.586388620036512,1519.772104844552,normal,trusted
1.8223342508255893,88.28204543500982,21.39910716271194,1369.639689095229,overload_fault,trusted
2.0996298434419964,29.573467005635706,18.948898129276056,1350.790022940453,overload_fault,tampered
3.2810753076399024,91.75642835374703,11.87375562056522,1802.7215738328412,bearing_fault,tampered
2.0356291390500854,81.5675310524279,21.373998721607517,1763.3284008829112,overload_fault,tampered
0.36843657171828026,58.499628283009514,11.494080958517348,1850.1389343520364,bearing_fault,tampered
-0.6089309240610521,89.53118737226056,12.197233877407045,1415.965131033462,bearing_fault,tampered
3.068796444914603,43.82877608683391,12.532401306237858,1489.9748983642526,bearing_fault,trusted
3.74350248138922,58.249879873532976,13.17996573945759,1435.2016583544896,bearing_fault,trusted
6.347092033901836,28.532696592962232,11.75525282619673,1491.7533292187966,bearing_fault,tampered
1.8213882714605258,83.02486087743488,17.81190406204582,1424.1984359183148,overload_fault,trusted
3.050975734332278,52.95987521098555,11.235832242115777,1423.502344769846,bearing_fault,trusted
3.503255413500098,52.35102300851974,11.306695772799575,1461.6127908317767,bearing_fault,trusted
3.545204396441636,61.70794999921272,21.13047784278757,1916.9683028746342,bearing_fault,tampered
0.8411694038318334,70.73471379285866,10.377607654702459,1812.9820821356998,normal,tampered
0.9506034013340549,42.47328118715494,10.120737221445196,1525.7506676098058,normal,trusted
1.0709087587352026,38.84726226135829,9.272717689117314,1483.554716277315,normal,trusted
3.743928786566506,36.47776210647105,21.56968203752778,1482.0056330607601,bearing_fault,tampered
4.184041230788305,60.33112561325739,11.698086785583085,1404.8324615413803,bearing_fault,trusted
4.466628444841451,34.34271516828662,9.371458377385999,1526.6330934058392,normal,tampered
2.087635778133845,76.21445141867802,20.00194430979666,1381.3222114320363,overload_fault,trusted
3.4774140115512107,49.36517257211767,13.71874015974911,1508.897502420552,bearing_fault,trusted
1.0777136772663474,42.00459353067289,10.44681214528605,1094.0730122542523,normal,tampered
2.9063207325091494,57.664960317659585,12.576017414484465,1069.5895796363177,bearing_fault,tampered
0.9513676881460802,37.39541970807766,8.9704740475709,1456.967241092414,normal,trusted
3.3527568821623537,56.14306679406287,13.349318048450671,1408.7072020536996,bearing_fault,trusted
0.8227770619785122,40.20395987815326,9.204531913203905,1463.4158026510534,normal,trusted
1.0289973426012102,42.98647084883596,9.921541145173993,1537.0016244584478,normal,trusted
1.7507659010019219,75.08241770783158,21.1570707898257,1478.3409089771728,overload_fault,trusted
3.7729201327580384,56.75873233683912,10.667882570590137,1461.361541589188,bearing_fault,trusted
3.37164774287345,54.19483048186607,10.63584614123631,1522.2857953370965,bearing_fault,trusted
2.7690568017807555,65.78447300048717,11.980339812914913,1556.5498805642906,bearing_fault,trusted
2.157268485719135,77.64275216201868,18.45760340101795,1346.1699950489424,overload_fault,trusted
3.4091386029521824,61.79078130887299,11.88141241117517,1530.1815439306085,bearing_fault,trusted
3.8507691490066773,50.8869570076169,12.170629450384594,1428.693428770845,bearing_fault,trusted
2.4727619737940594,64.91260321204113,10.70158952103806,1474.3317562396037,bearing_fault,trusted
1.0976516427959453,38.31555091965135,9.476829493090463,1503.9856317949705,normal,trusted
3.488169428999786,66.05450468207188,13.79072273868117,1541.6496811091574,bearing_fault,trusted
1.0535586577051677,43.782811970688954,11.422656725375859,1504.15324594034,normal,trusted
1.8130157577215944,74.72849118799465,20.55357976400984,1284.3878090205594,overload_fault,trusted
3.1915743079637693,61.35678487474063,19.653710359672843,1937.134962058998,bearing_fault,tampered
7.561758182651076,74.16746831624256,12.547486833822484,1493.405050459026,bearing_fault,tampered
4.140399700689083,56.330575870032234,12.518411962534664,1455.3074011399262,bearing_fault,trusted
3.2178999086502844,32.018710962517254,22.60262681487975,1470.9116009706124,bearing_fault,tampered
2.2434481225919964,84.50615973796171,9.819731282213255,1480.8351136556535,overload_fault,tampered
1.1793929573481274,41.27489769230845,8.592147433843628,1478.839048433716,normal,trusted
1.7300279872367734,37.99636430135085,21.894536865171535,1366.0548735786504,overload_fault,tampered
2.3758071791120274,81.31454749048147,19.358987967957788,1378.5627693787565,overload_fault,trusted
1.7063856891741267,70.48627056661914,20.07773499140055,1425.2271390483152,overload_fault,trusted
3.4295972538344475,57.64859038992825,11.471074940854256,1476.2925342756741,bearing_fault,trusted
1.6261715990354584,72.7634552493182,21.3633063249267,1404.3446132184622,overload_fault,trusted
2.679104719057155,93.1881550258797,12.020016902183505,1443.5416183464256,bearing_fault,tampered
-0.49617457810235566,54.27965393540758,5.011391812500477,1526.369470750066,bearing_fault,tampered
2.9573887763829347,58.133967215597195,13.027604361401174,1500.802428129089,bearing_fault,trusted
3.302488035674836,52.56382339205823,13.508684907803971,1430.6718517444704,bearing_fault,trusted
7.0690487063420475,40.98895442264792,12.456378185379453,1559.9719769416545,bearing_fault,tampered
3.321281553098272,58.388202882635845,11.019379189232579,1462.6390169089957,bearing_fault,trusted
0.9915183542017515,38.86658040172519,9.582769084170893,1455.5818634799066,normal,trusted
1.0670258751129067,39.87059923107728,10.01070065017269,1504.6129449453788,normal,trusted
1.972491445315153,80.62875295464568,22.2076538832433,1426.6064907770776,overload_fault,trusted
0.8934239375519617,37.297309014086274,8.93322054501264,1500.3210636863746,normal,trusted
5.0289742591522915,16.83096060948963,11.025067085171615,1473.9907857355943,normal,tampered
0.7923194073391339,44.54932030176821,9.40430131484915,1518.299531626216,normal,trusted
0.8896657256798066,42.172848032368684,10.108098761494466,1511.4711264483183,normal,trusted
1.9059659031616694,42.18372549780304,30.544272369934838,1313.9812310793222,overload_fault,tampered
3.377060860612637,51.07938286495735,12.117912669666032,1453.178882153416,bearing_fault,trusted
3.341580922747351,53.215278255054486,12.620712839228547,1498.5470844523088,bearing_fault,trusted
0.8502846641027448,32.12455994770959,9.794145691787461,1106.6374174657835,normal,tampered
0.9471217094116309,39.34832152534397,10.074143556823204,1457.1112870185812,normal,trusted
3.5259191192586057,57.71745526304854,11.647698353289876,1513.0257561648775,bearing_fault,trusted
2.644259319254822,44.7889986168736,22.955848582613207,1463.3307261123218,bearing_fault,tampered
1.2442087963277282,41.05788161175152,9.139542171085587,1411.9366681479532,normal,trusted
3.0213429311074087,60.115179873652,11.67330741141305,1460.8991959748823,bearing_fault,trusted
3.8037374881148773,65.46650781062878,11.789742248226572,1440.7175446159697,bearing_fault,trusted
1.7541160520420855,82.48707116942616,20.034347690711698,1388.767063984317,overload_fault,trusted
1.701232422237651,85.47536509362511,20.004736584107757,1457.6651105560422,overload_fault,trusted
7.652626599827751,37.50155235056265,11.765403490288971,1449.1854191238679,bearing_fault,tampered
0.7770108805464957,2.517604065456787,8.367312919481984,1541.318454184419,normal,tampered
3.4656423902271696,61.42524481825257,13.478031794326963,1455.5571149677646,bearing_fault,trusted
4.068320355222034,58.620076593028024,12.016762457261947,1516.7355958835576,bearing_fault,trusted
3.523132273540575,35.34517943373044,21.741901127020476,1459.1681379384274,bearing_fault,tampered
5.26038195740758,79.95774494732294,25.34733017013777,1358.3690782281972,overload_fault,tampered
3.4296885263977015,61.70142166826458,12.596930992823095,1437.8186582182705,bearing_fault,trusted
1.4286053643488166,115.64910770479993,18.03577655735092,1430.9789822236114,overload_fault,tampered
6.597976665166741,32.2501268365228,13.202489779152561,1437.8868355419347,bearing_fault,tampered
1.7713729450049698,72.1743646615416,19.126929976831885,1371.6572224304186,overload_fault,trusted
0.9772906790876313,43.83094249659413,10.738111778230282,1494.124407570079,normal,trusted
0.9328513256740613,31.66601715781428,9.361477313796133,1458.030900584917,normal,trusted
-2.5292233650069833,41.92695143950149,9.645304096378299,1527.7496491481188,normal,tampered
1.1933339378199546,37.25252956811069,10.439186299261529,1548.430212641755,normal,trusted
3.77950520136624,56.465658437198506,12.298848044438394,1397.851096491112,bearing_fault,trusted
0.9531443260644628,38.22033944538892,10.932537671907056,1549.8245815292762,normal,trusted
1.789609932745432,86.3821882492761,27.319142092092495,1858.1272159366235,overload_fault,tampered
2.6466718915322947,60.16237452734208,20.731961338385062,1934.4270880359686,bearing_fault,tampered
1.6416818622372287,70.12842563271973,9.914014877294882,1417.2200564071118,overload_fault,tampered
-0.7386990470256283,40.49715040830846,18.992804359201386,1455.7832863904484,overload_fault,tampered
3.4357732283911524,51.93841285854021,12.026634180476233,1479.2315109289063,bearing_fault,trusted
0.7969644820996284,42.88888171974834,8.098167606616014,1541.2457797611416,normal,trusted
1.1933124394014274,39.187215609526575,10.388065413651304,1496.5057896826593,normal,trusted
3.240498401810673,61.106258054475276,12.223724158326204,1511.17853359684,bearing_fault,trusted
3.146059043007441,65.42760744322149,11.38086304252439,1466.7335873711752,bearing_fault,trusted
1.8660795655877391,57.17117541673064,12.671484895009284,1461.072902583063,bearing_fault,trusted
1.010982421380785,33.95769221540413,9.077060066880192,1526.3334306449437,normal,trusted
2.7482389729133283,66.67536981257138,11.522098460226566,1563.7619209844852,bearing_fault,trusted
1.4249835178980113,76.91324730448687,18.055060893822567,1367.9014313064213,overload_fault,trusted
2.9692812274863325,46.4128587489625,13.489722252210372,1494.4769262382504,bearing_fault,trusted
1.518772399493431,81.39486943252096,18.603835182453853,1511.9962801243464,overload_fault,trusted
2.3729265822793675,74.01051103176387,19.482459313878593,1395.0080931090527,overload_fault,trusted
3.0927214264905154,21.88966582055221,13.508077184544096,1517.0029294472072,bearing_fault,tampered
0.9223048685824577,14.301447851653244,20.692653602543857,1478.2357403288458,normal,tampered
3.6013393200410704,56.70653510379071,11.583914878733472,1562.3408830693481,bearing_fault,trusted
0.9940491630541672,40.85032430723391,18.1459113717791,1439.6027811199378,normal,tampered
1.7377281867048895,74.08549845362178,25.016841934877597,1806.073320274113,overload_fault,tampered
0.9565875427066994,34.36603370210228,10.078401531279507,1473.8859230970045,normal,trusted
2.5324056024762367,78.05129996021282,19.65505350139491,1389.642524102742,overload_fault,trusted
1.008109488338667,42.90699361082758,9.444689151083468,1528.6686459119248,normal,trusted
2.083594120529233,82.30200260829359,19.500490413962364,1421.9482558626219,overload_fault,trusted
0.8948122210980164,37.2791890447123,2.4709884983049175,1479.8484516446624,normal,tampered
3.6575777986132083,57.694760071445465,11.529276077748493,1496.6310458518954,bearing_fault,trusted
1.1314626893794972,13.529584955281862,20.315679537096432,1519.5376501441638,normal,tampered
0.8773263662023205,34.19640779286065,9.783682446323647,1456.2940086252302,normal,trusted
4.153608100033628,53.84651131699113,11.401441327095322,1508.5123409147695,bearing_fault,trusted
0.05486759728633617,60.650295978855645,10.437019148360918,1477.1960057692881,bearing_fault,tampered
1.8973847047698496,64.38680954773602,20.494985248212632,1420.9782824373126,overload_fault,trusted
2.161958958342982,78.95233350337493,18.347345326904215,1381.667561743362,overload_fault,trusted
6.199820457093317,63.76814897387996,18.460939311430582,1297.877933841154,overload_fault,tampered
1.6205923100900064,116.01055084042206,26.292564495007824,1358.425849063427,overload_fault,tampered
4.034843284440492,49.97433399270791,10.739405981200143,1551.2115988315174,bearing_fault,trusted
2.210642555691247,78.4973433685177,19.303183456998163,1343.5739359573324,overload_fault,trusted
4.308014217222651,53.44546392900022,12.788845713152273,1499.9978383033276,bearing_fault,trusted
3.0258854355412126,53.54695851496207,12.97016147340598,1507.1755594643744,bearing_fault,trusted
1.9824192909169747,61.48754100691468,30.13464131282958,1370.0477248673815,overload_fault,tampered
1.782973918499223,79.56871593048272,21.033211826824207,1487.9582637492829,overload_fault,trusted
3.3907769970222263,55.81102250814067,11.022639380307048,1444.0802743994802,bearing_fault,trusted
2.7081506728930114,55.76601296930565,11.206946223869425,1397.3884584618258,bearing_fault,trusted
7.597282341522066,35.73172976877217,10.919122250234306,1525.0211167156901,bearing_fault,tampered
1.781803756196433,71.2664154767158,18.299525222719062,1466.2608695869694,overload_fault,trusted
3.407537819082284,63.35951478091329,13.463926404514334,1446.0333149585351,bearing_fault,trusted
3.603514355215987,52.14277406986866,13.696691737232454,1422.769132805927,bearing_fault,trusted
-2.200871336003378,37.96363547847346,10.200238138131871,1469.1748727750996,normal,tampered
5.031766124624653,75.62963631892879,26.99442050236816,1374.598174048646,overload_fault,tampered
2.11768409887373,92.5262822177209,22.803249759726587,1269.9315004812884,overload_fault,trusted
1.9083059351460896,76.6933938721996,17.01665007605722,1432.6803154750755,overload_fault,trusted
2.15594112606669,75.5335831626791,18.652311710633846,1425.1737220566024,overload_fault,trusted
0.9553702502414452,41.48366996596856,10.362415005049737,1505.097061002036,normal,trusted
4.139281675983932,56.55417800794694,11.45760849053171,1502.1728350967999,bearing_fault,trusted
4.003982032647948,53.213036369628036,12.738945904123447,1525.6354423174923,bearing_fault,trusted
2.1197889418806763,75.34543915841118,28.38304917652084,1880.8237789065856,overload_fault,tampered
0.8776498590199069,41.19109480688194,10.841938410239337,1127.7024626229688,normal,tampered
2.9266324801090793,66.24287361486934,11.586913612339107,1444.5101150401442,bearing_fault,trusted
2.8197991611691218,56.12759055257091,11.529885744231125,1562.430012981233,bearing_fault,trusted
3.27015124888462,54.69210557788219,9.249851507994851,1455.220119949297,bearing_fault,trusted
1.64289015912872,77.45439358537551,17.589562027168164,1393.797537054954,overload_fault,trusted
1.9906428315651186,54.56535750069141,13.62919801480889,1503.0529910088878,bearing_fault,trusted
2.641085482214436,59.024696618267875,11.817089209812293,1447.7998028430013,bearing_fault,trusted
1.177113885766421,43.090586209458195,11.600770481272123,1526.2417943780342,normal,trusted
3.5020928581057316,62.86870146715666,11.561150660053384,1392.307480847894,bearing_fault,trusted
4.131243721679807,54.854404029273006,19.542442337859924,1133.2553279722515,bearing_fault,tampered
1.0206352398924472,44.31611644707769,10.754074896719834,1482.7713518932114,normal,trusted
2.044099822538776,77.12678044582397,15.70934090376265,1322.2699528489522,overload_fault,trusted
3.3151869653318964,61.88967110013771,13.847809711449605,1515.395709265896,bearing_fault,trusted
0.692230678981532,34.69713366118186,9.635615000916147,1470.4137837257852,normal,trusted
2.792252478064347,91.08643883688524,5.72323958219228,1504.2122590198542,bearing_fault,tampered
1.9788729291610727,67.43065680394383,31.652638891993917,1472.9216225698626,overload_fault,tampered
2.3465239916595664,102.58677491984724,21.727855158896457,1659.1617126683996,overload_fault,tampered
4.839494756804853,22.32568756055214,8.94049423353849,1501.104798355147,normal,tampered
3.4932120624956866,33.54349450007535,21.35049250976367,1484.9483235057942,bearing_fault,tampered
1.7525565111408041,88.38794646552772,18.90475057120152,1426.644938675022,overload_fault,trusted
1.9874422387804866,69.56930074758904,21.51493333522454,1344.5252519584205,overload_fault,trusted
3.085610111857113,60.11344145654426,11.534326703717339,1115.978798944327,bearing_fault,tampered
1.9268231727056158,80.01779528405436,20.497148156054823,1458.5822254949494,overload_fault,trusted
3.6965097630163926,58.59004876564562,11.142654247445826,1411.5961663053529,bearing_fault,trusted
1.0053054853725039,32.96697007474338,8.712954632584022,1465.6615221386126,normal,trusted
2.041037526824688,115.30480355506678,12.96999776897993,1307.6335968577444,overload_fault,tampered
1.0497291319931195,40.63482919838515,9.689093455146546,1516.8084403379119,normal,trusted
0.8701087363134056,37.04501521682668,10.898475704353231,1487.4943228906614,normal,trusted
1.0901042786477513,39.292511913475444,10.903192880769614,1506.2876338273018,normal,trusted
1.8056592324850647,79.35671763087362,21.103944805584167,1350.4347892164662,overload_fault,trusted
0.9747171982764212,34.95302055462692,10.396896566471028,1510.0551766362728,normal,trusted
1.9177903211522844,75.60272932249791,17.589199052451054,1295.22474380154,overload_fault,trusted
2.268184496541796,88.69660047024219,29.83416023122347,1880.5655812462078,overload_fault,tampered
2.6335537806441702,74.86252598982834,26.574358126104464,1840.759757007309,overload_fault,tampered
3.7408407181226715,57.48245675785137,12.239658696558958,1466.0051844280101,bearing_fault,trusted
2.2809781396566318,74.95118932860343,21.17990803066222,1312.128843427414,overload_fault,trusted
5.596000962897017,58.547495627804736,12.076964383251955,1808.2307669880915,bearing_fault,tampered
0.9263227838328524,42.913417020468735,9.480589664311891,1513.2523763343313,normal,trusted
0.9858949399206244,37.86298880676188,9.924644339719332,1560.414633113433,normal,trusted
2.6313605325640035,52.972240295525395,11.733410636365393,1453.1694960566876,bearing_fault,trusted
2.0563798596505345,61.355062136055004,11.45781473159066,1478.0803068197808,bearing_fault,trusted
2.088640052407222,86.69173130738355,19.382192586959455,1393.9925518154182,overload_fault,trusted
2.4087177778706663,56.845970672559915,12.532232686264914,1474.3147331673779,bearing_fault,trusted
1.5292799768484846,71.90209025922748,24.67795561707287,1859.772213426921,overload_fault,tampered
0.9597271158257624,38.015749323079554,9.35637869582015,1502.7516184336125,normal,trusted
8.28672048446779,32.58674137938621,14.701967934273885,1505.7970166192042,bearing_fault,tampered
1.0086440287879093,33.99536276668396,9.017667559446526,1470.8967029566768,normal,trusted
3.7704134362152857,36.2682837279282,21.212236959841725,1447.5942712814294,bearing_fault,tampered
1.5023492070014415,78.3518178126421,12.641831826627012,1070.9447982898807,overload_fault,tampered
1.2157073399973568,41.650607488079324,8.773708097317835,1475.0781041835962,normal,trusted
3.570494610409078,64.44416196155494,12.072777569941548,1451.6351057244963,bearing_fault,trusted
3.483381183025519,96.37086391278346,10.678651614673829,1470.336584089307,bearing_fault,tampered
2.072985639591618,78.06489911653522,19.271782720469584,1485.719026224433,overload_fault,trusted
0.9605769732252527,41.558981720039505,9.895979150801208,1541.514987574159,normal,trusted
2.191736707296013,81.5994026038974,19.214298348278582,1331.0405316065178,overload_fault,trusted
1.8712347643183889,78.36141703761008,22.010273850336823,1460.5437346965666,overload_fault,trusted
0.9902094676377855,42.965659727395945,10.382088583805416,1489.8476979121963,normal,trusted
1.0223263412382626,39.2384873166234,2.8941234613140114,1104.2906169524338,normal,tampered
3.620665869730847,53.5262300631595,12.33810592150633,1479.62143670868,bearing_fault,trusted
2.0164429579469907,81.30504120268866,19.011949750736395,1451.7786936595426,overload_fault,trusted
2.067672049168572,86.34327752213608,19.854454636467167,1305.837613343764,overload_fault,trusted
1.719752941327402,68.02422865830556,18.234100159378585,1409.5728732023124,overload_fault,trusted
-1.0134579215073551,65.24641005281612,18.436335019908913,1425.0776848457638,overload_fault,tampered
3.2780478468002228,94.94155981909142,12.234590468230442,1431.0216114090604,bearing_fault,tampered
0.8564992425293152,36.720028426337855,9.48839728729002,1496.4895816394808,normal,trusted
2.1394613917540126,81.33050549757635,20.203294194804496,1515.7547929237135,overload_fault,trusted
1.0916937286602149,-2.2728351736267456,12.763237121795346,1509.5316690394916,normal,tampered
0.7288943346906867,77.27815562649224,1.9376539888052466,1474.3074286149765,normal,tampered
0.8976768262438216,44.994328176244814,9.87906529544756,1824.4612618038225,normal,tampered
3.346393734827651,46.60655498277322,12.712231306132047,1461.087922317385,bearing_fault,trusted
2.243900542615039,78.72273371046775,22.038699402729442,1469.9215613919728,overload_fault,trusted
2.898524656127178,65.47772007600868,11.765917926919855,1498.5991195920305,bearing_fault,trusted
7.044060960680507,46.94773493140042,12.002862575927063,1213.947131633282,bearing_fault,tampered
3.0544919981208536,60.80228887479402,14.551633273290122,1388.8769902475385,bearing_fault,trusted
0.9697627146151737,38.2117333010315,10.819610140341352,1455.2176121430136,normal,trusted
2.7533638161388527,28.530922532740426,21.347897628206894,1478.7888638270504,bearing_fault,tampered
3.4584020451078294,60.44455005878902,12.162718735032803,1362.5561006179098,bearing_fault,trusted
2.619558571426497,94.106259640778,20.239815081953495,1350.6068167022715,overload_fault,trusted
0.9236061660277317,38.258045791763244,10.864684963960697,1490.712396209001,normal,trusted
1.6696377988709212,72.60473851592505,18.15822480422988,1427.9379968411054,overload_fault,trusted
3.9805934796350506,77.30744250590043,10.901554514569838,1528.319112093496,normal,tampered
3.3385868296547407,57.03736715238371,11.974360670116827,1524.4806859033602,bearing_fault,trusted
2.9089515166616424,78.95958946035537,19.586951285501343,1487.2330542653021,overload_fault,trusted
4.571362825364422,40.96313802749451,9.849446514359135,1500.279625811778,normal,tampered
-2.4892589200283424,39.21368733176611,9.895684608864375,1493.1748467820953,normal,tampered
1.7509237631758179,75.65083893808975,20.189569331583883,1479.8207687458694,overload_fault,trusted
3.118522906646908,50.72678063570948,12.471584807845888,1568.456714859122,bearing_fault,trusted
1.0102445657923105,-1.8827317236330856,10.289450355683986,1526.78698876477,normal,tampered
3.781782902033277,56.44952345705285,11.422852822445146,1471.0083258445088,bearing_fault,trusted
1.7757436014908734,78.39367366330313,16.916436606833773,1115.4906230369338,overload_fault,tampered
1.9277781376538898,63.42665814543981,19.671259640333375,1500.4066878610672,overload_fault,trusted
2.0302574299713143,85.43833778613106,17.677327721413537,1390.0091879257036,overload_fault,trusted
3.6631724366768257,65.09731736407477,11.71033545017457,1543.8868579134164,bearing_fault,trusted
5.047877828084282,19.042682778341074,9.352720586244073,1525.9911735732353,normal,tampered
6.089930316130185,50.88330170962699,21.07726343404211,1446.3118123255815,overload_fault,tampered
3.148358886823426,55.26610788867888,11.40276233567366,1449.8345636555005,bearing_fault,trusted
3.7469662975419125,66.41874061312492,10.24978453515393,1411.988085510217,bearing_fault,trusted
1.1054140361568727,40.81961206855637,10.259210019351984,1521.568238879366,normal,trusted
1.0544758695170435,33.61240633239995,10.655011160277954,1476.7889187277133,normal,trusted
1.1881847736476598,42.66507257450395,17.64602164571999,1989.5318809531773,normal,tampered
3.9095421741463054,61.24938986746284,12.66706685052495,1517.636147418047,bearing_fault,trusted
2.4354762115537967,76.68740227326367,21.721951331282337,1380.2205172119013,overload_fault,trusted
3.0207344775020752,51.98199892552274,13.17936231269308,1560.391213813042,bearing_fault,trusted
4.188390597098334,57.22724054406537,20.901705081322355,1893.1705312496285,bearing_fault,tampered
3.802310981390616,50.9229604583851,17.950958869809803,1883.9168854482004,bearing_fault,tampered
1.7344403152988153,77.76808692965349,21.528558987920423,1348.144585494462,overload_fault,trusted
1.085727577915679,34.743704281819085,8.607597608777748,1453.7522574924155,normal,trusted
3.6366168396196823,58.863256424283776,4.528377094865245,1474.2147381440184,bearing_fault,tampered
1.1798049328356077,35.880990949343385,11.82194435884488,1468.312217556136,normal,trusted
6.2343772237768205,58.03547237662806,18.196798676390763,1587.8178040611185,bearing_fault,tampered
3.9829607651559185,32.88413277881945,22.780448180610072,1453.9632124545112,bearing_fault,tampered
2.1036609874987233,80.77054682953927,18.788420035476076,1407.0100527661489,overload_fault,trusted
4.276791949345516,57.42627146999955,11.522041087432434,1525.626478772802,bearing_fault,trusted
-2.0048410863840815,6.210128727580177,9.725171424939441,1484.8760883841446,normal,tampered
2.3028455160442753,69.63138563813999,22.68619413291657,1442.6010850923612,overload_fault,trusted
0.981697296105717,36.438788720876886,10.131456527505533,1475.6937165326126,normal,trusted
2.0404351933478315,54.363319622592655,30.12807383955572,1450.071709589995,overload_fault,tampered
2.2108004554835237,120.28414581109998,21.598069655113964,1421.4620648321277,overload_fault,tampered
3.4438894326255896,39.53425611836174,21.30410211284996,1522.5581242205562,bearing_fault,tampered
3.0193145161911965,57.959120965383384,12.426949610789185,1426.0436178116263,bearing_fault,trusted
3.7498097782320383,57.370197837265,12.244060225981768,1464.7054953546083,bearing_fault,trusted
1.9987025823970326,76.61052432637166,18.49669435313396,1302.5405760563287,overload_fault,trusted
3.0393525491101614,67.25426817145635,12.186215862358134,1481.0781127046446,bearing_fault,trusted
4.349493436337513,57.430647238023596,19.469184044598023,1879.3501503709858,bearing_fault,tampered
1.193945161798145,40.04358364581271,9.696258823321461,1535.6828821182621,normal,trusted
0.9971892448959022,39.01182538776192,18.31961980483611,1967.7059772587377,normal,tampered
2.199887134885196,51.79131093924317,10.55552065884711,1471.413305441093,bearing_fault,trusted
0.7768197512145245,39.68512553199948,9.849131093595192,1508.9317673114606,normal,trusted
3.2550898171128395,61.12872271544794,10.975774728901957,1478.4654739887976,bearing_fault,trusted
3.509357902606687,59.778466910568554,12.11842032143652,1459.8424563141164,bearing_fault,trusted
0.8264730574733854,38.13349689923722,9.909465272216883,1528.1708198051833,normal,trusted
4.542317453242578,55.70861165841358,11.795012606400874,1491.8345376440384,bearing_fault,trusted
3.637608405862535,53.042248437126524,12.96045507747167,1442.6774811235196,bearing_fault,trusted
3.0194022423733475,59.61737041746169,12.619117985013753,1504.384321770827,bearing_fault,trusted
0.9815160020108961,2.486530223667053,16.93511427476051,1496.3324671223265,normal,tampered
2.5567234867855335,26.475257305531812,21.664928880037472,1497.2043179609561,bearing_fault,tampered
3.1152204453165475,55.10190016161887,12.134738043517553,1484.2883180326305,bearing_fault,trusted
0.7870068346505528,73.05118887121552,16.188744645691777,1484.3387726627732,normal,tampered
1.0584366976942698,40.86675000150612,10.512170927463007,1495.998724119834,normal,trusted
3.85435858233347,52.560739812665375,10.884066141408628,1464.8938520524466,bearing_fault,trusted
1.7454413257190218,77.15578567989415,22.937489409217275,1395.6048540741424,overload_fault,trusted
3.8663684091515407,60.07211664739319,11.062991571404243,1409.145014134362,bearing_fault,trusted
3.7579569436916813,56.994319110791906,13.03607795057479,1483.402099911897,bearing_fault,trusted
0.9372737564596384,35.71859079344128,8.522930391103616,1572.6848964050657,normal,trusted
4.867299778141746,23.446227049468227,9.903931803945005,1480.7214078933173,normal,tampered
0.9232298160700303,39.30319201022729,10.058620251668557,1537.8823175427108,normal,trusted
3.915067002472321,65.24467012375426,11.401173654543216,1462.8525277589285,bearing_fault,trusted
2.2562352003605652,74.0637048575976,20.79006004173334,1383.4327793450527,overload_fault,trusted
2.7602220663480854,54.205075680034504,10.834338660094287,1395.147116444554,bearing_fault,trusted
1.0332813015664257,74.74317810677655,3.0492882769515806,1468.3781111971655,normal,tampered
4.293229756202702,55.88670464746406,18.34593383473931,1912.5893989899596,bearing_fault,tampered
3.5119250171435588,57.796268210914036,11.775079712494009,1460.3830394723714,bearing_fault,trusted
1.156005351363875,37.61620163462484,10.117857864389176,1399.8468570464765,normal,trusted
0.8498023343072633,41.89857374382192,9.798349747677316,1537.3092170410098,normal,trusted
0.9809638195553574,34.829609777783745,9.380391950789283,1441.23113503317,normal,trusted
3.1533283938203334,57.89145770056149,12.102090624888081,1455.7955831021725,bearing_fault,trusted
3.072408781586148,54.7649168902427,10.597928960755945,1499.734749288717,bearing_fault,trusted
4.074289124042645,57.842076253934344,12.939905865845658,1465.670556214825,bearing_fault,trusted
2.63303325802032,59.85097728525102,2.954289930671637,1456.0846174222281,bearing_fault,tampered
1.0964302023254322,42.18614270222304,10.452122703047815,1564.4752730498892,normal,trusted
0.9629592333344305,40.77292126276348,10.07567402636616,1476.8214313236392,normal,trusted
3.370677271836689,53.073109979650596,11.789037720629318,1463.5803849031067,bearing_fault,trusted
4.038131749356143,54.32987765389081,19.123233230151545,1120.3248305526329,bearing_fault,tampered
3.2672074048439703,99.68226345841565,9.463634494798853,1110.4024181944103,bearing_fault,tampered
4.151626189354487,63.94174960302674,11.560204150510593,1404.9617273295992,bearing_fault,trusted
1.587443774867519,80.26274064762131,17.543374950227694,1460.2021373699563,overload_fault,trusted
2.344315712031553,78.93088876935859,21.651142750486827,1386.7931110420177,overload_fault,trusted
2.4288687192643477,70.3952445489689,22.12509028398213,1453.7786129950312,overload_fault,trusted
4.843672411262423,56.15393354265595,12.471067274849391,1405.7983449750236,bearing_fault,trusted
3.582358041087894,49.12951651357848,12.44439340357767,1547.8370755837157,bearing_fault,trusted
2.2999788413956064,75.12245408970895,19.358122553135853,1349.4271572270716,overload_fault,trusted
2.2376838486353443,84.03417954701574,13.136951572026767,1423.5185628063725,overload_fault,tampered
1.0463015863067802,40.680358138327406,8.537283750846798,1512.7920570763476,normal,trusted
1.0798702283576116,42.47259885938759,10.374255826327726,1488.364511298108,normal,trusted
3.7843144275558345,13.691897455379028,13.316439947854196,1471.3742237061826,bearing_fault,tampered
4.003502025256578,66.55711399466244,12.663112381065732,1461.789484062246,bearing_fault,trusted
1.0376892668643758,38.151120735423675,10.357329212223123,1543.3356105521448,normal,trusted
3.0161095012441788,60.85724612758172,12.57668023412991,1464.1003714820117,bearing_fault,trusted
2.0815819260158266,73.57629510275511,20.188480211060668,1401.018512840033,overload_fault,trusted
1.5457382349977042,74.83346533254408,20.82791152663606,1415.7305078234028,overload_fault,trusted
2.966500568288705,63.435435946262174,14.142748539948746,1495.2464758658734,bearing_fault,trusted
1.9268512248435286,73.31913249513607,20.619849234505885,1398.6766013486963,overload_fault,trusted
-0.836292897063696,114.41775319158005,18.178356831627298,1468.9072213036852,overload_fault,tampered
3.972668134530239,38.77548047203314,4.208909253087308,1478.264588581742,normal,tampered
1.1922134669585098,44.0902861362571,10.485032924886967,1519.4334025997798,normal,trusted
1.3377336943919393,39.01283898385535,16.448523798226127,1214.3825700987898,normal,tampered
3.680098471041759,57.324434845466854,12.060976542433664,1532.8501712376685,bearing_fault,trusted
0.7906496815630969,39.54625705976087,11.137685079938844,1492.2441340500664,normal,trusted
2.30771128984218,57.20401882705809,12.954509955621015,1787.263252371292,bearing_fault,tampered
3.6704967748090063,59.658482893572966,11.898786441984083,1494.9927708349041,bearing_fault,trusted
2.415231753951777,72.86452532284852,18.983727890344355,1327.942868990204,overload_fault,trusted
1.0363722261940396,42.78263733194063,17.924703148345746,1972.4753533304743,normal,tampered
3.584936999063505,56.04897352916735,11.982712557109013,1466.0542684893942,bearing_fault,trusted
2.139263178445814,88.49132326277825,26.55807338108208,1851.7444973126796,overload_fault,tampered
1.867720171237131,75.46909436359893,20.652508066705103,1385.4050144786545,overload_fault,trusted
1.1741414618825277,40.08406656107763,8.811550397415143,1428.4345107948313,normal,trusted
2.1304953806395384,95.54186014562796,18.51044194528292,1426.8183148006885,overload_fault,trusted
1.212151589629586,44.11162296584239,10.503037034888242,1486.6986678232731,normal,trusted
1.870812394944562,54.16037290616987,32.21951434430824,1242.5240048087012,overload_fault,tampered
1.7289245508529514,77.65580028211673,21.74274353085601,1468.2391950359618,overload_fault,trusted
0.9926410785005383,36.70798697635887,10.495284014771881,1507.3802610730831,normal,trusted
7.140631138602302,34.639915357169315,12.825525407379075,1457.3742425375538,bearing_fault,tampered
2.2059176777724634,81.4819646756701,21.1225510753812,1413.2894103201227,overload_fault,trusted
4.192406073757423,50.52922346725167,10.901897646910674,1436.7065470388438,bearing_fault,trusted
4.694555019499118,115.39166338081047,17.705692671785343,1519.1766100527154,overload_fault,tampered
2.0117939036908257,74.9657087882451,18.205808401764866,1468.8547866509778,overload_fault,trusted
3.9083113844023565,58.16623258172331,10.878408988346877,1446.5050283035116,bearing_fault,trusted
-1.2285120154247853,74.27100578746612,21.73686984392767,1441.0225474880888,overload_fault,tampered
0.8254213017690653,41.09360346709979,10.041358657142892,1511.1299543044915,normal,trusted
1.9553796227698377,78.60990749352786,21.057770488955125,1456.2643505092535,overload_fault,trusted
1.5922170360781962,80.74514725968537,19.496599805018135,1432.2857702834904,overload_fault,trusted
1.4890560573357678,83.06684821778258,20.77537518614612,1469.0886621552477,overload_fault,trusted
3.600762022257904,62.5032354142772,13.666608908314922,1464.0926936211126,bearing_fault,trusted
1.0762181136177285,43.49592260664153,9.828499912235909,1508.5638673920573,normal,trusted
2.3670994461055925,76.39821470949907,19.92536877860775,1330.5132715203158,overload_fault,trusted
1.7323331134033986,82.57969527885368,21.642362546877248,1392.9484424923337,overload_fault,trusted
3.294753770086929,69.19751439821869,12.033610286911577,1419.7751403292048,bearing_fault,trusted
1.0309895424396673,73.05776938289515,15.845242562450528,1464.2907847758552,normal,tampered
1.5728203194169825,89.56438652396253,21.86510158256227,1261.8313151627742,overload_fault,trusted
3.4326578862659582,56.89762708706841,11.421657375138455,1449.7661059197537,bearing_fault,trusted
1.0000101271709696,39.76793146053744,10.188455896511915,1477.048978814869,normal,trusted
0.7104663602884611,42.236496719574944,10.221831624968678,1509.5534514202186,normal,trusted
-1.9871413912592812,37.67568401326492,11.126207044203358,1808.7773581304696,normal,tampered
7.588998537531497,37.83243604669843,12.211510013432472,1488.8081597269245,bearing_fault,tampered
1.0316460645227823,35.80567102060345,9.149152216452226,1438.523314773879,normal,trusted
3.5287877241494425,61.77910752094186,11.579742102299765,1494.4758241166135,bearing_fault,trusted
1.2073692624333394,79.01099276859374,17.343895956535334,1345.9522714100979,overload_fault,trusted
1.207282025699702,43.39029794921354,9.556342075487642,1530.0023623744814,normal,trusted
1.979710838217195,77.54108537431878,18.83526942199383,1387.2035078819936,overload_fault,trusted
3.3748283526728096,57.29140952228084,13.090573587373848,1464.3692387289868,bearing_fault,trusted
2.945035290983535,54.85781199408933,12.240920712456154,1527.1025313644907,bearing_fault,trusted
2.0181910692770844,79.09378669402791,18.776955811425243,1394.9466400018962,overload_fault,trusted
7.851898086044551,30.000340145205826,10.780276661900123,1426.668875064038,bearing_fault,tampered
2.864723756047696,61.14890912142639,5.737872590632092,1066.8644485230998,bearing_fault,tampered
1.0952016682239911,42.49309557300392,9.443030358736081,1472.9069940256284,normal,trusted
1.8099193253644827,80.70631609226176,21.048807037326544,1416.6300186938593,overload_fault,trusted
0.9739427664308423,77.15504366068248,11.821230951634472,1211.5841544307254,normal,tampered
1.4481213522241374,75.53859299076211,21.280569120691652,1355.4436421901987,overload_fault,trusted
1.8165224489586735,79.54117225744274,21.368039499895776,1346.7305792321397,overload_fault,trusted
1.6359150897682275,57.83647934768371,27.538438058346475,1445.8938784946233,overload_fault,tampered
1.8936172952547814,70.36982067420185,21.829550685583904,1420.2084215227299,overload_fault,trusted
0.8243869597795597,43.56290317816336,10.597817640914764,1503.155488968365,normal,trusted
0.8196995852750923,42.26156520980105,10.617499433895862,1481.201605365186,normal,trusted
2.2021000813366207,73.88987538816335,20.007003343364072,1476.0524001279773,overload_fault,trusted
1.9380882715012908,76.36686660341229,22.371120063230464,1510.7138493522853,overload_fault,trusted
2.0309288097529414,78.01509189875455,20.161743721161283,1377.4930261081663,overload_fault,trusted
2.9333527429035766,44.46831235289959,13.04926834888581,1467.9407070775587,bearing_fault,trusted
3.909990971301194,30.666557261367572,22.955833573080884,1507.3118982920605,bearing_fault,tampered
2.437471699993297,65.04450951952057,26.523638212779872,1444.3477334315874,overload_fault,tampered
4.818116969418384,22.948748619385285,11.11164820686405,1495.9514505132192,normal,tampered
1.131679300864344,4.2092295495252685,4.759078282785866,1485.1980010462123,normal,tampered
1.8011928317150399,69.17693715637728,19.662121711225126,1421.9004451208937,overload_fault,trusted
1.0664939801588913,39.745448405013974,8.927715033583038,1485.0352472392756,normal,trusted
1.848758956088809,86.00714941855175,19.546373270231566,1470.971068342517,overload_fault,trusted
1.9718334482334474,76.43501932655026,17.877951057186014,1318.9004028100062,overload_fault,trusted
1.7055354804666332,32.41853968995741,19.98833670713848,1363.1564456491549,overload_fault,tampered
3.8046349343258545,3.577758579900916,10.244262629878953,1524.1695061395988,normal,tampered
3.4033232383586465,56.123024665398844,13.391433179255312,1538.470173427599,bearing_fault,trusted
2.029964676286366,82.63962145393964,19.682327549548795,1393.370908295725,overload_fault,trusted
1.9152185445566898,83.24001187627374,18.904433163200892,1361.509491641607,overload_fault,trusted
0.9640882355337692,37.826972441775396,10.497281050496778,1468.18508069202,normal,trusted
0.8913425133567927,35.39307379022164,10.162906542967841,1543.1156297001255,normal,trusted
3.9094231152448056,60.89966920864642,12.961027676619906,1488.1463116769496,bearing_fault,trusted
6.805765102983726,41.17199795580669,10.354016305666317,1526.351360135953,bearing_fault,tampered
0.6700677536753734,15.028656858770539,19.340714800588795,1499.5789528035368,normal,tampered
-2.0607403120030803,41.41135106671051,3.4470168277902076,1490.8167654251442,normal,tampered
3.108211843764217,56.734047273027976,11.639672412574013,1497.108872368609,bearing_fault,trusted
3.658459427475656,58.92127611202277,12.30097927443816,1511.712768808678,bearing_fault,trusted
1.1877661626003886,42.226086708938475,10.854769653795438,1489.0926198117597,normal,trusted
3.0777013981999306,51.664557984350125,11.811857314861903,1410.5939407510125,bearing_fault,trusted
2.8811430781303162,50.7876657457717,12.926107750448544,1470.7093660388307,bearing_fault,trusted
3.8842781448780634,48.86045390641393,19.37499595380053,1514.855670856539,bearing_fault,tampered
0.9772091390773292,38.680036886410875,9.968720863026757,1504.8689108916558,normal,trusted
3.302722499505115,55.82520750431927,13.28990552676167,1474.4591853834868,bearing_fault,trusted
1.184290719039519,41.89594445128419,10.970306953378525,1534.8022663843512,normal,trusted
2.279652313172265,78.93495041784125,20.070582831355285,1386.9635784182467,overload_fault,trusted
3.689796705339056,55.071442355054074,11.86720354705934,1434.523891310703,bearing_fault,trusted
3.367834677852104,51.25019072997611,19.90931915539214,1910.1315017887189,bearing_fault,tampered
0.9958384899977692,42.104052515034475,1.386783642416903,1510.1546664481064,normal,tampered
3.989693275374183,49.98499959235781,10.653470786865858,1461.203166295953,bearing_fault,trusted
6.403644015106986,27.82065711744324,11.372431397264164,1433.5947513789763,bearing_fault,tampered
2.054818725663292,68.95659263981132,20.819415854845964,1303.3043576795408,overload_fault,trusted
3.479884551482673,52.08139336117359,11.367608243150645,1593.9109747053,bearing_fault,trusted
7.08945279137654,44.40717548728328,9.37834607809582,1390.644722745799,bearing_fault,tampered
2.236788313383211,78.07646019122434,15.953162183089063,1419.8928243436374,overload_fault,trusted
3.8145985890449583,66.79055458107169,11.699884907014987,1488.2192529023584,bearing_fault,trusted
2.1166335160992857,53.93860801012099,32.61258574305023,1386.4527452029772,overload_fault,tampered
2.8764740031571483,67.87172388330325,12.168935995758742,1894.7942028675552,bearing_fault,tampered
1.0537719236723444,41.95524442420912,10.350124538827444,1537.1114521672894,normal,trusted
3.45038165864997,57.77431309743577,12.796050617486328,1455.103866849996,bearing_fault,trusted
3.7672188573648016,13.197981340015737,12.656883511240393,1510.4605567799601,bearing_fault,tampered
0.8757215496609027,41.355305802822954,9.504842757926909,1496.211833158696,normal,trusted
3.313077695377617,56.960889056398116,10.623188999059531,1467.3268771197295,bearing_fault,trusted
1.6138093404559068,82.46100961457743,21.224389421880787,1410.7638370137495,overload_fault,trusted
2.244388554084895,85.28000389765572,19.07162127871245,1416.9681501687946,overload_fault,trusted
3.9549490744798255,10.834776150156607,11.747823736018653,1460.8940808114533,bearing_fault,tampered
1.0069929197122536,40.928174710470834,8.757994021359956,1476.561150017473,normal,trusted
3.0139989991036686,57.789265931436546,12.621550760459876,1496.645721801902,bearing_fault,trusted
-0.4253416059704769,57.95625301621703,11.874901279168219,1413.302398452631,bearing_fault,tampered
2.8064336698588765,81.34854931634185,10.790762352295474,1714.9611524747336,overload_fault,tampered
0.9814564621517438,33.65003665308841,10.940405261207024,1484.749446914164,normal,trusted
1.9090001740182523,69.9395995086909,20.82353500159679,1379.7020858047172,overload_fault,trusted
0.9400845281753017,39.99424044047096,9.175426374454128,1550.2252162296127,normal,trusted
0.868938120749565,41.207322260030566,3.850807142761221,1148.131880445002,normal,tampered
6.714779412906434,53.913441487710514,19.189993575157843,1398.382606383617,bearing_fault,tampered
4.612730450615782,37.77694426066331,9.377500926511527,1454.2316585565272,normal,tampered
0.9314867606173847,40.81793579029639,8.578881362926165,1443.3324862958643,normal,trusted
2.8541992144561648,52.97882736934898,12.167153287584842,1498.1343716819956,bearing_fault,trusted
2.1964343257314245,85.63240732006322,18.3547479708641,1186.1707612109185,overload_fault,trusted
0.9588656618962745,43.13461843736328,8.89668059892113,1476.739466470949,normal,trusted
6.118371267463848,48.11000415577978,21.12203721152375,1261.102599571269,overload_fault,tampered
1.2142202082486557,35.87225923419535,9.051852335574146,1478.711609473195,normal,trusted
1.0934595660545237,42.733684015571946,17.28537011122876,1852.6224477498179,normal,tampered
3.673029929835277,61.05789682510403,11.992900238090858,1498.4359349951067,bearing_fault,trusted
2.304696818764382,124.64287004592406,21.199984180451626,1423.0732858645688,overload_fault,tampered
2.1890460258284956,82.52268491240999,20.004036239622042,1419.3129187375196,overload_fault,trusted
1.0526904014715492,39.18497684893812,10.407856566220895,1524.728637951424,normal,trusted
3.5722805689893153,60.06736646552752,12.01886184672495,1446.7914036919124,bearing_fault,trusted
1.084821956907886,42.747790906838794,9.708498165685407,1525.41101615637,normal,trusted
2.1140206685237617,82.15963106755311,20.078140176852685,1427.1758753049983,overload_fault,trusted
2.320043607880026,76.13310341712386,19.626373608744473,1319.6431125545544,overload_fault,trusted
1.6701479040054512,84.0850395734898,18.283394695784843,1415.552885935861,overload_fault,trusted
0.9598652593172948,35.93255808662034,10.025896080581624,1514.0108467908385,normal,trusted
1.0062960158027492,35.369124392433754,10.159708014329212,1491.6080145487242,normal,trusted
0.9007953943699727,38.939155775159065,10.931955556150502,1563.917327141738,normal,trusted
1.0699186290385247,43.91069520342426,9.624130793201019,1510.579037646991,normal,trusted
1.7622117696064519,78.53341701729259,19.392030585814446,1396.9124020024678,overload_fault,trusted
2.1463353937256646,65.69620337786077,18.24305878251495,1459.1861746694913,overload_fault,trusted
1.5181184303163249,75.38786421767519,19.05414141264017,1317.4830110031367,overload_fault,trusted
0.8928243254098165,41.186527319087524,10.59956561232525,1508.370224962171,normal,trusted
3.8031012299667655,56.9320627105838,12.42087901967237,1480.711772060237,bearing_fault,trusted
5.087084957998247,15.30888464437055,8.756231941536118,1507.0001857876389,normal,tampered
1.7410168123371936,72.75616463612556,20.078968731903707,1425.1717937872695,overload_fault,trusted
3.5703101226818434,51.09210413235461,12.073589111019476,1449.7069428065947,bearing_fault,trusted
2.9117674134445406,50.08522290138882,12.346688156025614,1545.3045291571907,bearing_fault,trusted
1.5707788227198372,32.49608643368458,21.511200100498737,1412.035464592857,overload_fault,tampered
-2.1210759173105904,39.57388117530118,11.175010995723666,1817.9021106726393,normal,tampered
2.3397881971079033,73.3433142588165,19.72181827239154,1347.0501273433338,overload_fault,trusted
0.9436717191756732,43.73484213593934,9.569347037710736,1503.7486760503316,normal,trusted
2.563955007483589,71.5742985682504,20.55436271058837,1466.2150094131148,overload_fault,trusted
1.8880567181161274,75.27025651305635,19.846239933630976,1398.5826062405963,overload_fault,trusted
1.7988222044262991,72.79443478537735,20.30918456117564,1442.4975934917672,overload_fault,trusted
0.9693802989974255,-1.3183905400406672,10.849215016331005,1496.4094918826997,normal,tampered
1.135268944836164,38.488126775768166,10.06287896489203,1449.5527220093081,normal,trusted
-2.0452631449746885,34.20223293717817,11.132731419661814,1881.0389215079722,normal,tampered
3.1656706938707724,57.94568126650902,11.210835300727593,1445.9975465125362,bearing_fault,trusted
4.1225059385202965,7.359550253995494,9.329584655659453,1498.0583394310283,normal,tampered
2.392443228051815,84.46464217351755,22.591939186931167,1417.4061642806814,overload_fault,trusted
1.0948967346028096,41.69638125750728,10.391507151150726,1512.5077740254485,normal,trusted
2.564862102939733,69.88701565769357,19.437612997796343,1485.3583854792341,overload_fault,trusted
0.8444233206310287,40.89253321355667,10.500540457276923,1451.8384833949399,normal,trusted
2.3173126111593847,73.00044585070695,21.06998499860745,1388.9907397014688,overload_fault,trusted
3.2523357255340026,49.305063864000445,10.983240425161473,1566.2856784825972,bearing_fault,trusted
3.5746616154886808,58.02770421395899,13.370796560763841,1487.6515684682017,bearing_fault,trusted
2.1578655943856972,78.8039238111478,19.29777024102967,1437.279407952995,overload_fault,trusted
3.161199899617408,51.53532472999213,11.773494754020211,1436.7366957980182,bearing_fault,trusted
7.042590896098804,55.92871487922585,18.550333460782078,1506.5983809264094,bearing_fault,tampered
2.243599553835552,50.31226078849785,30.923176871936224,1372.703945616392,overload_fault,tampered
1.0153408483800743,39.60331403040648,10.406463284159253,1510.1756612253387,normal,trusted
0.8077288550729289,37.59936491019445,10.024837760390843,1517.5379901417864,normal,trusted
5.52927232307035,83.15060673477889,24.908652461174675,1332.9135985827693,overload_fault,tampered
2.238142546952409,79.12753556349091,21.917232391044053,1360.8410582998424,overload_fault,trusted
-1.8361203607085597,83.75156448466407,19.661236833990305,1820.6464683880836,overload_fault,tampered
3.3447957004983757,63.90613382207496,11.992953459464516,1464.6646131162854,bearing_fault,trusted
2.647944526624184,55.81614196610708,5.699367897545402,1516.5385543095047,bearing_fault,tampered
3.0703731751042227,64.15129228939848,8.998272158110662,1517.954560026602,bearing_fault,trusted
2.3495649146226083,75.89980368285734,19.991419729742063,1395.7507349067207,overload_fault,trusted
2.23579549254,90.86365162941678,17.74909232476815,1342.2993795895381,overload_fault,trusted
2.4290992715641204,56.54768412929775,12.06456797438739,1433.2564273473588,bearing_fault,trusted
1.035570160097039,36.12435319530493,9.322604725692784,1489.6900935868437,normal,trusted
1.9582084693532773,122.54760323398477,26.6456213028453,1398.3694156093245,overload_fault,tampered
1.0211888030144454,41.22948537198608,10.977382932974074,1553.807514316423,normal,trusted
3.6126029564598854,59.094694235358176,11.722596415243837,1503.9871120906678,bearing_fault,trusted
1.1204171549053197,70.89563146124009,16.79086303426157,1525.0668508899437,normal,tampered
2.2910532895426106,75.4456195767053,23.33298843377679,1388.1754526395864,overload_fault,trusted
0.9979838610994853,39.042680208967305,9.825852245252275,1416.973156517777,normal,trusted
0.9627419228564867,40.71084583463785,9.261216176053358,1538.2054266782116,normal,trusted
1.0079854979031047,43.401041436270106,9.5071607795551,1504.0226869053354,normal,trusted
3.35702586701066,51.82127010717024,12.421179083664226,1441.4865561774684,bearing_fault,trusted
1.206492379739918,38.270058123298924,7.918489347958649,1567.3573612954401,normal,trusted
2.8299398253256873,89.1372994043717,20.25226133717201,1477.912380122193,overload_fault,trusted
0.9753474930558844,46.180894511572234,11.522325969819335,1532.1798286826445,normal,trusted
2.437447874392631,60.97955523381162,4.985253909259489,1465.6566538607317,bearing_fault,tampered
0.7441544463122429,41.47230012698146,10.405266523352203,1488.781086758186,normal,trusted
1.021513076194758,37.39898423102972,8.881851069505277,1562.380282744665,normal,trusted
2.292406741483587,84.89886962319214,18.54492799756697,1410.920115549777,overload_fault,trusted
2.573805396486059,81.25190505003357,19.854798102784784,1394.7457340047997,overload_fault,trusted
1.7211574933812444,84.27065651258589,19.483287120976332,1745.3502008408243,overload_fault,tampered
3.9343594334986007,2.275812703012548,11.277622287880787,1520.2744434164583,normal,tampered
2.2330106701129333,65.15248387061287,18.401302123943914,1445.2636374489502,overload_fault,trusted
1.8363325428275463,84.54175653060065,20.242219145468574,1425.9537932781493,overload_fault,trusted
2.158755497434091,87.472270627836,21.19341599408423,1373.2355074570112,overload_fault,trusted
3.44005551415556,48.103737616581114,12.30851336461329,1472.0862034312368,bearing_fault,trusted
0.9364608749123438,43.472523274063406,10.101277368222155,1479.4719522178013,normal,trusted
1.928804578680032,79.26919523649312,22.096786967866304,1366.0488326723291,overload_fault,trusted
1.6673752200792191,80.13064483989508,20.309309190212137,1343.1374974529376,overload_fault,trusted
3.415371074593355,60.66088079922577,10.921407236663267,1471.4278139340993,bearing_fault,trusted
1.4100141425333375,84.4009375811251,17.92957640876908,1449.6808666996003,overload_fault,trusted
4.946703581144115,110.59884072981649,17.13398195411945,1353.7237269363322,overload_fault,tampered
1.7407736078065452,74.29286332522852,13.88900771431798,1424.1513080977406,overload_fault,tampered
2.0549187070916854,69.47173354035003,17.48623734111536,1357.9204517002104,overload_fault,trusted
2.3923162075909596,80.33092159679502,19.174667372844816,1501.4614935157504,overload_fault,trusted
0.9143350211156219,39.95975263922557,10.50501978409726,1445.0115790100283,normal,trusted
2.2360586719526783,76.55687295437342,23.886028754092237,1331.9465670206002,overload_fault,trusted
0.9881817418588692,38.32681333751435,8.741977399998047,1475.4381568806625,normal,trusted
0.875605252100248,10.51001856983136,18.09755682979936,1519.3104894165324,normal,tampered
3.2059783398375123,89.94095866199285,11.662712992158044,1433.5682437669989,bearing_fault,tampered
1.029884334676833,44.432180902510105,9.255141209646318,1556.959046881264,normal,trusted
3.7426598868350456,16.830300211608048,11.902669290461489,1526.1854601340833,bearing_fault,tampered
2.5850684899541987,74.4162756246296,23.89854221718583,973.1921322299575,overload_fault,tampered
6.595654431796596,53.61363779429716,2.908917156863371,1493.5223918782258,bearing_fault,tampered
-2.048736037456518,47.8794547271107,9.646948404883453,1864.967267660791,normal,tampered
3.1175629825123523,61.55154575983289,4.726609781250032,1840.7075159312965,bearing_fault,tampered
4.554030993231741,60.58207141377203,10.402278282125758,1501.6036254159606,bearing_fault,trusted
3.3309023550234826,54.08961063165819,12.158297037217915,1433.686555738982,bearing_fault,trusted
3.178344174117209,70.87011812636686,19.102594857130306,1788.555210838638,bearing_fault,tampered
3.219550684538927,67.43670473127973,10.47061393419172,1447.0714107627257,bearing_fault,trusted
0.9418996679999706,35.03471397044445,9.994306515897188,1486.27208954779,normal,trusted
1.00724631141093,33.35743788687099,10.034104819550198,1521.9488360052208,normal,trusted
1.3187327321299276,80.92433411485409,18.878394808657507,1400.7490680073247,overload_fault,trusted
4.196087496596554,56.17121640476235,11.838374235975163,1415.397149651586,bearing_fault,trusted
-0.27364784426266375,57.41461669459282,11.954286427533315,1438.1384122668678,bearing_fault,tampered
4.9311596370969895,22.904736777113882,10.20256360823628,1498.303063483527,normal,tampered
2.1279913453385197,71.21660125946191,22.3688063150552,1413.034587686963,overload_fault,trusted
5.591504334148682,62.682421584930296,20.946783791122527,1424.778281722189,overload_fault,tampered
4.321332953736972,69.76082466724728,3.4528900368523487,1429.6031670461136,bearing_fault,tampered
4.17314499830792,52.91744689046653,12.230489643429856,1407.1358947901172,bearing_fault,trusted
1.9296375802548171,75.20339401985517,20.40609778844069,1514.1899654368412,overload_fault,trusted
1.962096319140632,106.40387896105814,20.571843947867077,1742.5686195641058,overload_fault,tampered
3.2763156531862823,64.87453855733983,12.338480613689033,1476.9914585752017,bearing_fault,trusted
2.8834714473323264,57.68359535541606,11.535664323919365,1032.6398354161522,bearing_fault,tampered
1.9598494297692395,124.26649983325443,19.33335353797318,1382.1817208190323,overload_fault,tampered
3.160844393961942,56.92286723257271,11.052322997157622,1437.0208777547136,bearing_fault,trusted
1.2511801970716714,35.22161722083542,9.044507615420432,1516.9819381017198,normal,trusted
3.97919151697611,61.8338714613156,10.830335603906484,1552.051288771517,bearing_fault,trusted
0.8640055343195823,36.97632115112937,8.72155809977863,1484.8368570181942,normal,trusted
0.9884585275692002,36.195958249468006,10.335571914282598,1511.6742154072672,normal,trusted
2.9975775981309,55.56788813400386,11.373809630874277,1561.9780637045674,bearing_fault,trusted
-1.9681365621060234,38.75918427176675,9.455944676777271,1797.4852859222822,normal,tampered
1.0842344351465525,45.80138045556456,10.070294109664582,1538.5129738244027,normal,trusted
0.8713440374287769,39.506046917368145,9.198099403387026,1509.0750674537219,normal,trusted
2.176813984899899,75.03469621858841,28.025711001959802,1855.7770391815313,overload_fault,tampered
2.1223367017873715,76.78830821036692,23.35209985592899,1438.6958265440242,overload_fault,trusted
1.9067631551083402,87.8853096536494,20.477939851707873,1386.6596309789934,overload_fault,trusted
1.1636634675776691,40.160444880465704,10.20532698456981,1480.3842916571969,normal,trusted
1.8407439177568272,78.37845404102971,19.502521600103826,1415.8013264245412,overload_fault,trusted
1.961051605746142,73.36669976533845,16.448118171708202,1372.8512858738907,overload_fault,trusted
3.2226166855973455,20.90465146427121,12.473339890833023,1878.3736890812183,bearing_fault,tampered
1.9106949543379337,42.365950697360745,18.51036350103687,983.7032203898873,overload_fault,tampered
1.8154067079104774,73.21431804979885,30.199108427314357,1418.6554428020204,overload_fault,tampered
3.606055418728559,54.22449371604313,12.250248975658963,1126.6539873007446,bearing_fault,tampered
1.8259282041417717,48.78875941818893,11.92527791481919,1500.6527039734444,overload_fault,tampered
3.253931396846343,52.666103812213,11.489087338233325,1471.581776072573,bearing_fault,trusted
3.3152998654186314,63.840016926632956,11.42941729814635,1561.822203644604,bearing_fault,trusted
3.5404298908355036,90.42867084368388,5.810326016768521,1506.0030893826022,bearing_fault,tampered
2.2598537512774035,100.59134456382725,12.227379988598418,1813.621605761556,bearing_fault,tampered
0.9941537917683858,41.02062993060501,8.463267259283855,1468.5877460200868,normal,trusted
0.9774794810885857,36.505515710616876,9.973117248035086,1478.1739121629723,normal,trusted
1.040757012005602,40.938137737824405,8.78899069868802,1870.2491541300697,normal,tampered
1.1746054691524854,40.87880147049187,11.765220245712321,1528.025169258438,normal,trusted
1.8611956134846288,76.63140625594056,19.29210734631237,1375.3530837662408,overload_fault,trusted
6.935004576677672,43.51832435377382,11.445553691493288,1357.0082010728788,bearing_fault,tampered
0.947034122516086,36.813861223460336,3.349023562586291,1158.4147473944831,normal,tampered
0.7595773249520184,40.44588128590849,10.173818526582899,1483.7669845526998,normal,trusted
1.555033637331145,78.3384891721551,19.24209892443265,1374.3135757706132,overload_fault,trusted
3.659231276602626,56.553325058735076,11.729438798486724,1466.7214325057876,bearing_fault,trusted
1.6042665634027948,78.56019516785875,21.118080963264816,1416.5776714474864,overload_fault,trusted
5.403028156108351,75.37670779883344,18.63869495447013,1471.6095976607617,overload_fault,tampered
0.8102086720655269,43.05713107972529,9.30302714237935,1494.1628493099304,normal,trusted
1.0527563927220391,39.05140688625644,10.158704928501152,1500.3780729699606,normal,trusted
0.9993853759935915,40.392292563734635,9.549222859659944,1433.0177092809877,normal,trusted
2.1751502924386,48.276486023942596,30.8638149551285,1386.2266767859287,overload_fault,tampered
3.794573903228824,56.50413260405205,9.7980314038608,1532.8097468765513,bearing_fault,trusted
-2.689757293781319,41.77331954329167,9.785831338362021,1466.938022338294,normal,tampered
0.8533150824952116,37.98426392896097,10.580878689157068,1522.4255188571021,normal,trusted
1.195472433714879,43.57124068988123,10.61803184606621,1531.9253338591873,normal,trusted
1.075158457115356,87.24777989648418,19.133495922882304,1353.3176450198612,overload_fault,trusted
3.949610258191004,54.83721981826351,10.541869438361134,1469.4259777283437,bearing_fault,trusted
2.0055345736160626,80.996895163734,20.127212559274717,1374.4678978427896,overload_fault,trusted
2.066971380852449,74.98856702459139,18.86463166354326,1428.995039734756,overload_fault,trusted
1.0471392961911903,41.698563275724496,9.61753355379694,1587.2874452004796,normal,trusted
1.157204763144034,78.70734867898243,2.6290040497619707,1478.2511927258508,normal,tampered
1.8448774440231936,84.19435734906415,19.233075314568882,1368.2388738493503,overload_fault,trusted
1.9074506208491402,82.07612507019792,20.15830633580755,1275.130918179346,overload_fault,trusted
0.8537424327491646,38.87547561130717,9.999549522301633,1493.1225552860662,normal,trusted
1.0439837688684677,38.682838269685185,10.50352320488176,1514.756589046844,normal,trusted
3.526823330988376,62.34033949222922,10.845932273745792,1572.6187340365439,bearing_fault,trusted
3.168430522322133,67.77743271981895,12.854242985318491,1448.238526075958,bearing_fault,trusted
7.831795728190153,37.30371343904751,10.033107749121953,1518.7784809738391,bearing_fault,tampered
6.1673853244178805,48.37274150659108,23.83776774965667,1369.0647927690397,overload_fault,tampered
1.0613466177457043,39.47848689971615,8.67208969486425,1503.0188842678751,normal,trusted
1.4399611196713198,76.6323511471589,19.706336801564024,1410.187613201503,overload_fault,trusted
1.9352360603816239,67.31548682776824,21.669500309069765,1349.7030901425514,overload_fault,trusted
-2.122837731403987,36.6280847127117,2.773325461034,1453.833943571602,normal,tampered
-1.7561195570347594,38.13397742829493,16.69565379121439,1445.514941675237,normal,tampered
4.288700988410811,52.56839721059261,12.962355711334364,1504.3054151744152,bearing_fault,trusted
1.9585472382774578,69.35201319296476,21.154391549610075,1450.4443986877413,overload_fault,trusted
3.8532845803111506,60.61163771427299,14.118209812430198,1471.3531321851112,bearing_fault,trusted
2.174025250270563,81.28389335472781,20.128792128744863,1436.6599691244053,overload_fault,trusted
5.765130684124011,50.95857400869991,19.471647321508012,1503.5271319332567,overload_fault,tampered
3.9961316345322633,62.05879549239679,12.839709936559967,1416.92216645617,bearing_fault,trusted
2.724523254870318,66.43997720734232,11.650905836660083,1459.0312523879122,bearing_fault,trusted
3.7975298060195923,58.319421127516655,12.923654155368913,1424.7773652359867,bearing_fault,trusted
2.236534565087713,79.10791324578517,18.63565568562842,1372.6056094875926,overload_fault,trusted
3.7312252601822684,65.20538389120009,13.506768592118561,1474.5150430426702,bearing_fault,trusted
0.9541914527202006,36.48408522129762,10.98273664982412,1498.7461338666915,normal,trusted
2.111066655856749,78.341947509975,20.38556427944101,1383.3537989444608,overload_fault,trusted
1.9033064467243965,82.3356161796601,19.743543066450595,1437.4139702366506,overload_fault,trusted
0.9778165163745687,38.556276628403765,10.4619220620154,1434.8582210423056,normal,trusted
3.614852321856072,26.11257069043208,12.247923004519006,1458.3219048983055,bearing_fault,tampered
4.258436186698912,56.23084981216294,11.507783146824393,1480.693524016876,bearing_fault,trusted
4.028797628111272,22.854181405858697,21.22543503417713,1435.9750661042513,bearing_fault,tampered
1.8827175408553116,74.05105658271238,22.323065744991474,1440.6774025031993,overload_fault,trusted
3.662586291325004,61.39701212363301,11.803371629750979,1491.4684915918594,bearing_fault,trusted
6.639906530984764,51.48412970013075,22.324129930609665,1403.6777207964626,overload_fault,tampered
3.7236738566141447,58.734375865609096,11.305486496930229,1417.4281033806876,bearing_fault,trusted
3.604539342340965,62.7483995140818,10.209448980548103,1450.2124649332543,bearing_fault,trusted
1.7102286525124684,82.21895847516798,27.740250696501338,1855.147922496165,overload_fault,tampered
-0.8419230944387492,67.92765351192821,27.36445451697127,1332.449196595133,overload_fault,tampered
6.385236260599001,55.47886790938172,20.279164902965327,1453.892913561106,bearing_fault,tampered
0.9299335673089337,41.63826769249429,17.403044197154358,1965.3185655067587,normal,tampered
3.1598645878782925,44.69017331421336,13.374471215990416,1502.7630836444275,bearing_fault,trusted
1.6803059796630537,114.23597547329528,20.025021768321157,1458.1334745849515,overload_fault,tampered
1.6587471439764536,80.45905786959761,17.125163181947343,1401.8385429891111,overload_fault,trusted
1.156541643653866,38.6551306790673,17.70350955716811,1958.0285681522362,normal,tampered
0.9722263842773451,38.090511850455236,19.34205555990033,1987.7693322763473,normal,tampered
1.0156329425767463,38.54790960528197,11.367955163209658,1426.5277780103565,normal,trusted
2.4493231634400887,83.52053708599098,18.37361912361936,1503.519916152016,overload_fault,trusted
0.8369347304892382,36.36184360287223,2.3453839688652334,1909.2818184266873,normal,tampered
6.101389258101714,64.56642570549545,18.96225263739977,1329.218283126948,overload_fault,tampered
7.656577626848829,35.344288958212054,10.22534806316276,1507.0829914036622,bearing_fault,tampered
3.383481761971452,49.69504055496489,12.007738334421619,1478.3967365028614,bearing_fault,trusted
2.556817964395011,71.82067214294943,21.29117970477385,1346.6468848839093,overload_fault,trusted
2.522999038397373,71.61663060136274,10.668955542217187,1408.1355636950032,overload_fault,tampered
1.986543143355406,71.50358470785598,17.85243847568431,1345.7214921334482,overload_fault,trusted
2.347302548084218,77.66404204981158,17.676105863256936,1405.1441106168766,overload_fault,trusted
1.0968409938333366,34.937956916759944,10.667620437895247,1537.2989811152017,normal,trusted
3.9069746568831363,59.915845113280966,10.764375900671316,1497.0364747063397,bearing_fault,trusted
3.394919118867626,55.16500832029379,12.524890364316994,1487.949681267663,bearing_fault,trusted
1.959003834767257,79.77718201219807,21.761850681120716,1347.8779223933157,overload_fault,trusted
1.9166608082245171,88.29288143808148,21.208601209198875,1287.6421862704565,overload_fault,trusted
1.0399684447141906,45.21894412579304,9.517824509575822,1488.1138241037702,normal,trusted
1.8311476781636429,89.04459481340876,22.06207848574344,1776.0221737073336,overload_fault,tampered
3.4334096356114103,62.189266744340685,10.617265105571722,1453.226398486148,bearing_fault,trusted
1.0750708472760804,39.6897396592761,9.41918792183922,1526.6752234685541,normal,trusted
2.1537635312300405,74.06585046601757,9.858319248030313,1436.0665226249948,overload_fault,tampered
1.7727169151335151,77.93121347003917,18.64130609515853,1396.4849487547365,overload_fault,trusted
1.0283589138433842,36.55252212838409,16.610062456750313,1469.6343171957853,normal,tampered
4.058157221357404,4.464284096318437,8.065108573843428,1526.234268862415,normal,tampered
3.0117983565818225,20.87333920240671,13.718844879444045,1444.5980074436718,bearing_fault,tampered
1.889084892429194,70.87868115203572,20.915026363979774,1359.6159388772949,overload_fault,trusted
1.5705983155302692,75.30662719870001,25.69230048244452,1871.1137192424048,overload_fault,tampered
1.012945653321164,36.03853304752889,10.136500062831834,1552.657735150623,normal,trusted
1.021310934030831,17.6999989932892,21.59554279574486,1543.4990634353885,normal,tampered
2.09754822591245,74.65878884851737,21.127374783718,1844.8367731343174,overload_fault,tampered
1.5636615396791091,78.72578676421634,18.576518242710012,1405.0215122462214,overload_fault,trusted
2.2187180657571126,78.83683401510024,21.030516437168572,1405.8223084244128,overload_fault,trusted
0.8540930891075043,40.63087387325844,10.293066346920035,1526.2084860093867,normal,trusted
3.319870031511907,101.04816851154547,12.18093657666377,1794.216284050728,bearing_fault,tampered
1.0948962065414787,42.6341757367246,10.5579906495368,1459.3393324372978,normal,trusted
1.636548832667632,68.41645186376603,19.532230479748552,1327.323320988218,overload_fault,trusted
2.501841586246093,53.47773386851978,11.661544253758086,1493.7089963564956,bearing_fault,trusted
0.8736521787155261,42.10216947057876,9.071270434890609,1493.8325429363308,normal,trusted
0.9599051871159026,41.136527810375185,10.768587446075571,1453.419296158528,normal,trusted
1.0485454231703388,82.10907637713623,9.61215968039821,1497.2569440155983,normal,tampered
2.0528863276699427,75.10112055023332,19.124356962168765,1506.095960156081,overload_fault,trusted
1.5640825410950931,84.07631891495221,22.194132787790938,930.2611296180887,overload_fault,tampered
4.951401543203647,45.04914637696508,21.53734626041321,1365.121533294715,overload_fault,tampered
1.1210919764480807,40.803322592477535,17.98419371213132,1927.5644429404354,normal,tampered
3.5929614480252594,62.67971320650783,11.834509805369134,1459.1775468682922,bearing_fault,trusted
2.8716962532898105,59.52313209739621,20.969035879353655,1931.1653801630234,bearing_fault,tampered
0.9196005883746133,1.3348261876338654,10.779726152560162,1494.4135566367765,normal,tampered
1.8061455917269182,47.829198091246425,27.371699336779475,1324.6914180861004,overload_fault,tampered
-0.1783319416046938,90.47193648693587,12.512656532363774,1510.2556945551642,bearing_fault,tampered
0.9784576944060879,44.43782353202269,9.993676387701411,1575.5530653746691,normal,trusted
6.694896688560631,50.40806015066198,12.117663176133973,1836.3264398333702,bearing_fault,tampered
2.038135327209344,77.05155087292259,19.741547967817727,1787.9751840954264,overload_fault,tampered
3.684777609558224,58.12038703241956,12.537529828193943,1524.712321188619,bearing_fault,trusted
1.0696932514395756,42.38751596565932,10.126758440399788,1539.9284476276484,normal,trusted
1.8468904534828863,73.60838990473042,19.731677885349914,1411.6664456188482,overload_fault,trusted
-2.396421911355503,37.417950870506424,9.51299446108374,1533.4119727778307,normal,tampered
5.295096078563267,77.60581566815733,11.861152368235071,1409.76344019239,overload_fault,tampered
0.8665106233619899,48.427632583688506,11.447131633666217,1517.8030840056335,normal,trusted
0.8140891388386908,45.343680782744705,17.417941054542887,1890.2676942783003,normal,tampered
5.551446752028858,74.37822173613144,22.116679542745448,1420.4358231931606,overload_fault,tampered
4.075951816597576,61.63856456016381,11.558842253054555,1470.3314672032668,bearing_fault,trusted
3.813136882157672,67.19143913834363,12.117365751096314,1857.8937777859815,bearing_fault,tampered
0.9918423692818714,42.48736321319816,9.13793340191703,1498.1343995853097,normal,trusted
3.3755433706896674,65.43745288961247,10.619757356688837,1455.315894503794,bearing_fault,trusted
2.139620848193476,76.810755491402,22.02657095845147,1389.1952344451643,overload_fault,trusted
0.8743489935080255,77.16660512689937,16.197346087710653,1489.7553542452479,normal,tampered
3.1725362581015744,63.66381153053326,20.635505968152998,1904.7008054596445,bearing_fault,tampered
1.933850477710593,79.45026733429923,18.73664988079592,1478.8581174978178,overload_fault,trusted
1.2396755836897593,40.28254917469694,10.013867703321045,1484.3524592846247,normal,trusted
2.5342491646284255,75.86912583092958,27.883996217246953,879.3297227298963,overload_fault,tampered
1.0899320679673288,37.859338055888934,9.991843107499964,1481.3171421119278,normal,trusted
2.428529344021949,38.80108028234727,21.291729345483557,1387.1779865175315,overload_fault,tampered
4.0896825515769075,57.658261058190185,11.60353411795349,1516.6195263023665,bearing_fault,trusted
1.2005345474275897,5.477288726567018,10.71016500542713,1895.3970018771906,normal,tampered
1.1002969475577205,39.42771861899635,10.101493581036674,1544.3668246281368,normal,trusted
3.4873613196763773,25.69942493624616,11.78875672038872,1815.393811970461,bearing_fault,tampered
-1.9589595851094774,76.04380343154813,10.300584238089886,1586.4218612842487,normal,tampered
0.9602214193483294,34.5769094206752,10.398338347415503,1478.2712515011794,normal,trusted
1.829870308099163,80.01837759377324,19.69419403754571,1371.7053322268862,overload_fault,trusted
1.0474171382838071,35.254142447686306,18.332223752212364,1968.8474248774378,normal,tampered
2.0189810764523726,83.93578197260081,20.492363363539976,1316.7773356647635,overload_fault,trusted
1.8154659473223993,70.20940818542086,18.998619948730735,1414.330627987749,overload_fault,trusted
5.663272038690815,53.382790120955804,20.292574970292616,1397.8704381437615,overload_fault,tampered
2.1133896726570565,78.80101933324039,20.82130616731976,1326.5226234517584,overload_fault,trusted
3.4032456082751357,53.68664527873085,3.9239412546985566,1435.5164495901322,bearing_fault,tampered
3.110309973775462,45.21160131082997,10.31303376139146,1475.607181923544,bearing_fault,trusted
1.4634033847777648,79.46675759560779,27.8029088416353,1329.239986339216,overload_fault,tampered
2.267276513165709,79.25249020688346,29.28704086622365,1845.1190724850596,overload_fault,tampered
3.15158817932826,60.55947956024622,12.204220925621636,1486.1101095387357,bearing_fault,trusted
3.4462103969295095,49.77108417592878,11.170027223020226,1487.4274225319045,bearing_fault,trusted
0.9715779682588379,38.031835190077096,9.78686917273986,1548.969773359363,normal,trusted
3.752133181302579,56.65883400233367,11.607746381863848,1502.6013952574347,bearing_fault,trusted
-0.585606118670523,59.238925294234406,18.535995613086605,1449.691694807998,bearing_fault,tampered
1.0282538041971916,41.00920281606962,11.608740889920412,1507.7693972186694,normal,trusted
4.32331574017253,58.00523593041268,11.597114042824366,1412.0674134097983,bearing_fault,trusted
3.4142083550266222,67.45365088050603,11.914905029575085,1540.1877209625582,bearing_fault,trusted
2.327797626691404,64.62828858251895,31.174997203529763,1293.8855453242838,overload_fault,tampered
0.8014247021964227,60.0213969152496,12.151157231679036,1056.9953974802056,bearing_fault,tampered
2.9698528353874334,54.82382984438835,10.615389051965687,1444.7067656200445,bearing_fault,trusted
2.1438406412572664,71.52123656682684,18.65329438245204,1085.070557400443,overload_fault,tampered
1.5124192545166677,71.2553382260831,19.961903895123374,1300.4671598400043,overload_fault,trusted
1.9598767753081598,72.3898543553307,22.978109541667287,1456.0568707586579,overload_fault,trusted
3.4747426875670944,48.68288425763558,19.59268608269572,1891.7806829830768,bearing_fault,tampered
2.1315768276618914,74.11151232879838,19.180242496543958,1470.3594097240716,overload_fault,trusted
3.007426701267793,54.71156945603766,12.2007068581616,1485.7379767476225,bearing_fault,trusted
0.9570379974310685,41.57185286257801,8.82255011894065,1495.9306674141371,normal,trusted
-1.8245840998943235,5.2745793177165865,9.367572440221664,1505.092256646236,normal,tampered
1.6839636266570728,70.01341788576491,19.206862852225996,1370.5336298478871,overload_fault,trusted
0.9095766903571146,38.87136368864961,10.266025850478112,1518.5928130007403,normal,trusted
1.5906825878872068,66.26833001357703,20.54519372969718,1405.8908225679706,overload_fault,trusted
1.9672775153074333,75.40063336847845,17.389185853965802,1429.5501806575883,overload_fault,trusted
1.978341339020988,72.62264071098025,20.794173734374432,1440.605331585311,overload_fault,trusted
1.0537770573552048,37.92901126246667,17.261467900777447,1946.632528097513,normal,tampered
4.2952118013617255,51.53682599001054,11.934101962191116,1492.7166043681839,bearing_fault,trusted
2.2743957152221803,84.53798887342163,21.53537996993751,1380.8784683864194,overload_fault,trusted
2.041601384975229,88.6917574879845,28.30624452298574,1834.3352280919976,overload_fault,tampered
1.7039242376764705,81.2058847696319,18.855280725920746,1420.2730117127446,overload_fault,trusted
3.6981691676913626,44.637062088902994,12.57688531059865,1503.5745150545206,bearing_fault,trusted
3.9776928991894147,101.59321117655341,12.160604989379442,1448.0635476575703,bearing_fault,tampered
1.0996878239622108,87.81156656164652,11.327606155305975,1414.732212995226,bearing_fault,tampered
1.8319575064436373,79.84229795018992,20.922881780499434,1441.8686810490774,overload_fault,trusted
3.386489448486188,64.45445726319704,12.673161605041468,1444.238589038944,bearing_fault,trusted
3.6660638239217223,67.156501602887,12.594636225004079,1435.125162836584,bearing_fault,trusted
-0.7707099635405448,78.95466933931785,18.513979471736242,1100.5099175366365,overload_fault,tampered
2.4006148093100377,87.74416458808415,20.293839252451377,1390.896744906659,overload_fault,trusted
1.604954415011748,79.11021628419184,20.993115705043735,1400.511660782626,overload_fault,trusted
0.9598081555271671,41.40918201920515,9.623262871484112,1131.49390412449,normal,tampered
6.646047396419972,59.074380868051996,12.558947287224825,1503.6710404272894,bearing_fault,tampered
-0.5773249194635697,127.87480744835202,19.571891391882108,1482.6108934997624,overload_fault,tampered
2.040377518835714,52.912460537431315,30.33924797379191,1351.953046081895,overload_fault,tampered
3.7737805963929243,42.68565938412846,11.859864871571993,1410.2540275152644,bearing_fault,trusted
5.82684929585306,65.5478406323077,19.439364569271333,1362.1764574527795,overload_fault,tampered
1.2492376634864504,40.90591222755781,12.285950738511893,1508.5189620740189,normal,trusted
1.0165868110569163,5.241823326861564,10.437697844351472,1123.7958894320516,normal,tampered
2.103010701720445,76.07063660021272,18.285703290814446,1354.3400676710555,overload_fault,trusted
5.16753098830937,16.24008421296451,8.986722984215326,1485.0870050419128,normal,tampered
3.0885306677382096,58.364624458585666,10.87178929429425,1393.6544086990975,bearing_fault,trusted
0.8991812227644966,44.28245585105351,10.779055257373848,1509.6745027488814,normal,trusted
0.9990064139284496,8.2714159734157,9.143274403324385,1886.55721629177,normal,tampered
0.9197308791995897,44.05504411858032,19.884656945278522,1995.0823124591764,normal,tampered
1.6774207695617416,67.84140605828765,22.246349204130702,1480.9054352419344,overload_fault,trusted
3.507359249522712,58.32234463051336,10.965739140859883,1424.1623763720265,bearing_fault,trusted
4.1532885228719705,55.671259957973184,12.219877363023366,1458.003680191959,bearing_fault,trusted
1.0780711345389642,38.99218232487956,9.836974511100362,1495.4592328884023,normal,trusted
3.308078730486715,59.96249468500807,12.200399500480293,1549.9343684118262,bearing_fault,trusted
4.19351236797852,14.085080523408124,10.59894825594279,1433.3478830462366,bearing_fault,tampered
0.9951084968637479,40.10383562255576,12.247655176077114,1516.4276230867272,normal,trusted
3.278938375948006,52.52651806484565,11.806786979241807,1501.1076944515312,bearing_fault,trusted
2.3006622243313593,80.85217550198522,20.29151519672256,1702.9021948874483,overload_fault,tampered
1.841338868728955,125.65027670923496,19.89238911891539,1412.0214187100696,overload_fault,tampered
3.027602944868969,32.948426703599246,21.902984342452754,1453.8961876321537,bearing_fault,tampered
3.007121750660387,3.852473488754825,11.023190236384876,1432.1253166003382,bearing_fault,tampered
3.145971775473841,57.525957203050055,11.97757569173022,1448.8336643861733,bearing_fault,trusted
1.4248984368108233,52.331541572266,12.539438520636647,1511.1870773990945,bearing_fault,trusted
3.1918377336745403,53.58514046943013,11.830182963904926,1419.9817955261435,bearing_fault,trusted
3.5680481589470063,59.118074532198534,13.062647364031804,1503.7814991755135,bearing_fault,trusted
1.0436145205406888,44.420834176759286,9.701272850540894,1580.4882424365194,normal,trusted
3.4592331901431286,31.129217028053958,20.789082164800355,1458.4652100438375,bearing_fault,tampered
0.9406301883369146,34.18374211898942,16.387715587903756,1124.2657858383884,normal,tampered
0.9938563465820084,43.56886601586293,9.781036803345785,1465.453069591209,normal,trusted
0.857806748029957,41.224108530643804,10.05633530186183,1552.15435198038,normal,trusted
1.0900541434967748,41.03381471425107,11.01163184747043,1509.8410607975218,normal,trusted
5.02230014930227,20.154955143341944,10.048811884331364,1500.2357086935567,normal,tampered
6.212986973015115,53.28477402629536,13.407126525716984,1423.816475245691,bearing_fault,tampered
3.3909574532308913,51.150782673939275,13.552367006662474,1543.471481345993,bearing_fault,trusted
3.084448303315854,68.69087235242604,11.299207389081058,1442.251328703399,bearing_fault,trusted
3.2795678207967645,60.59535356460906,12.629397945523383,1465.4946217378535,bearing_fault,trusted
4.455186844038058,45.551389701531264,9.398370997078166,1499.33560901117,normal,tampered
3.2370139896752583,50.408174262300044,11.87485441128884,1460.3545025941291,bearing_fault,trusted
2.1995653232254786,71.8120238754831,19.921869102040247,1386.7495808549854,overload_fault,trusted
0.9616394540371238,40.093256763313455,9.691496014781471,1471.0345515742868,normal,trusted
2.3131732989249443,39.32562047449892,26.897995565776625,1425.1843558788548,overload_fault,tampered
4.216181231641624,59.36941969129841,10.502653251279732,1449.462340657848,bearing_fault,trusted
1.8824530129257377,75.74106130417343,23.902961117237655,1375.7468209541184,overload_fault,trusted
1.030609845264131,79.80838824462651,9.290087982398036,1464.8639152396026,normal,tampered
1.6214782728356927,42.57349313911115,31.577583135293246,1362.6290164262261,overload_fault,tampered
2.630289377692026,62.597063958700495,12.672987424164477,1526.315731913128,bearing_fault,trusted
1.6179412023684532,75.39418041947818,18.85583499657532,1415.1656897098703,overload_fault,trusted
-1.3225314647778932,71.39387987483033,12.73598410486559,1591.3088302259512,bearing_fault,tampered
3.951083210919912,60.62536020431033,10.606717494644602,1388.0484486800622,bearing_fault,trusted
3.0885612295172336,57.49745581592901,11.346807093770847,1571.0506241402636,bearing_fault,trusted
1.1631064720354733,39.340192614200994,9.809250919215758,1524.1014095342612,normal,trusted
2.66620406998777,61.5352036254845,12.85976406479608,1420.375769522969,bearing_fault,trusted
1.1297649752724577,5.168430020732501,18.35385212489425,1475.1864342633955,normal,tampered
1.9636473585871843,67.22836125988904,20.247235446058962,1382.252900439752,overload_fault,trusted
3.281045336230448,56.618758073930024,13.131357152253319,1527.4638147337573,bearing_fault,trusted
3.1884960764430934,62.41675818879396,12.184146972911574,1486.5639018861393,bearing_fault,trusted
4.057562863671704,0.0566685766865902,9.745578052954345,1481.3361736061056,normal,tampered
3.918551661215936,19.943587314665194,12.445006561141012,1840.2610257666897,bearing_fault,tampered
2.801170403412655,57.05259934506955,21.182724860717407,1467.3167565424314,bearing_fault,tampered
3.8962520112974075,90.56468981084456,3.869486003494817,1396.5366431098907,bearing_fault,tampered
1.909543519736812,62.069026532725815,20.119379367249095,1378.3161617149133,overload_fault,trusted
2.1112707634334664,51.02390564458031,31.805530300264493,1343.9626578113307,overload_fault,tampered
0.8886011043053167,16.77096171895917,18.923623121653684,1492.0386330337433,normal,tampered
1.063607764672176,44.45475636020155,9.575342537496283,1520.067686456053,normal,trusted
2.3171987128957587,104.06743372739449,17.54139968315665,1106.5849778547597,overload_fault,tampered
1.125900834572962,39.36479859236682,10.295486447759924,1497.5249542896438,normal,trusted
1.0569636506155842,36.631694703187016,9.6052254326769,1534.32356530146,normal,trusted
1.1765790367591789,42.38479675874688,9.090461934871652,1497.7838049101165,normal,trusted
1.7503853070778137,74.24257539951935,28.8452114244587,1884.551516803455,overload_fault,tampered
0.9501571287784377,38.932905053286895,9.38027851499035,1482.9510253714689,normal,trusted
3.200834392904785,52.70979799310355,20.922508239498065,1976.6900035606607,bearing_fault,tampered
1.9108647278905726,78.60275562499737,19.452469390209366,1413.4043725039296,overload_fault,trusted
1.2011913757894837,37.58755011527512,3.774992425538846,1862.8803512773081,normal,tampered
4.158905927462124,29.884830525411438,21.940556035045113,1483.6289931525691,bearing_fault,tampered
1.9617474622855529,78.8730393157897,18.77307488709229,1310.5869066417958,overload_fault,trusted
1.0730513766669327,40.01138875486438,9.35870492738524,1548.7224822340988,normal,trusted
3.877820958407978,36.67013272086089,22.648045041481033,1430.8558354847642,bearing_fault,tampered
1.1215258981383793,39.81924446079614,10.125786274748954,1504.1578788966015,normal,trusted
1.700725276907052,80.1097559941401,19.55837761916252,1384.897572381328,overload_fault,trusted
3.987254719980891,58.26425654934474,11.436418762896075,1468.3204479427618,bearing_fault,trusted
1.037979311400797,36.65614911079622,9.550554765179529,1550.2592343680622,normal,trusted
0.7215572785136626,40.968392392279746,12.058013949575784,1546.4967583777106,normal,trusted
2.180476627943521,127.38888767122997,20.03522550002341,1373.3372431694006,overload_fault,tampered
1.2555096534433958,37.713029625917045,8.95176260018765,1550.6470543610885,normal,trusted
1.3609782068724439,74.42203288194386,20.47543099085875,1013.1321376369456,overload_fault,tampered
1.127662183928123,38.200751652643405,9.972420107972294,1453.7231411869393,normal,trusted
3.3992427352772627,97.61532350938324,18.752659560046336,1516.671072240388,bearing_fault,tampered
1.526296010728927,74.23244668195909,20.348215682965378,1304.068992993879,overload_fault,trusted
2.26699610977005,79.25207114619259,19.956241485501824,1281.7080971669088,overload_fault,trusted
0.8769784966666989,3.6096661591238117,4.378263906695247,1473.6789947138454,normal,tampered
3.723256582598877,66.80440570016152,13.24519265376873,1536.1389272093256,bearing_fault,trusted
1.8255051967903304,76.65591285887032,21.037388026410923,1383.5788033223412,overload_fault,trusted
5.586469877494288,84.27025525956873,21.50668447830791,1668.5104120516776,overload_fault,tampered
3.5599192948015435,47.8845737348347,12.567904313494534,1430.8870841071207,bearing_fault,trusted
2.1188430753022343,78.38005892216907,21.86109548796429,1398.7519658533697,overload_fault,trusted
0.9558101251854363,36.27473341336482,9.486765823373723,1462.9914639367853,normal,trusted
0.9808978154343927,46.929533266270234,9.444588990201545,1507.9506979435614,normal,trusted
0.8056153606729877,37.20920593818985,10.839598884690655,1518.8101848979568,normal,trusted
1.1412894266773232,44.46219486905759,9.375653236284439,1498.2280160430053,normal,trusted
3.9775890238234775,7.265755327928304,9.0464949512465,1489.7879198296423,normal,tampered
3.641196762216351,62.2228542985824,12.696330881401716,1549.1124612891058,bearing_fault,trusted
1.799165967041748,76.82922933536298,18.812938396151875,1794.399778049083,overload_fault,tampered
0.8968849044540114,40.93435850291032,10.42570349910515,1547.4867105112387,normal,trusted
2.0744559783430088,75.97261747977247,19.612399316797816,1318.979468505039,overload_fault,trusted
2.42637132977646,67.28083224969093,21.01397722153093,1368.732057552043,overload_fault,trusted
2.0968857197140514,79.75706255962841,26.413287287013173,1003.2036418225823,overload_fault,tampered
0.8729756701625909,35.478023056680854,9.811095926577611,1531.1194561134453,normal,trusted
0.9506887322999515,40.68844514639082,8.050899469402141,1496.9564008537893,normal,trusted
3.9548086332371817,6.805686945819325,9.07047982272015,1539.944308932863,normal,tampered
3.2490801467469397,101.79651311347718,11.706277960132127,1448.782904032421,bearing_fault,tampered
1.0048403686665628,4.051625384094535,10.080114329968062,1118.2734117684317,normal,tampered
-1.9905859843066507,38.927409674336396,10.379853058290474,1120.242741870133,normal,tampered
1.528257375861968,78.43575512081534,19.59767211943582,1375.3313233928534,overload_fault,trusted
0.9032081314831153,44.10372235216291,9.30686708907245,1534.5536573544193,normal,trusted
3.9030254802473747,59.11449581501919,11.08889745492895,1433.1256960530766,bearing_fault,trusted
1.0236131315988348,38.54141760790286,9.46729783110365,1533.943157058711,normal,trusted
1.0067446783706981,75.21298414627483,9.15777354951067,1849.729580161301,normal,tampered
1.9621209919476397,33.505063198309415,22.262388436530728,1473.4098672608486,bearing_fault,tampered
2.139735477115407,70.68708542103072,22.469315300687562,1398.9024395507315,overload_fault,trusted
1.0339104379503157,43.59555950955008,8.224420593101557,1498.5060916320383,normal,trusted
0.8902508466007178,75.13892989438241,9.484940788821998,1155.9728179612518,normal,tampered
3.911590885052753,63.35815919944536,11.356512290916871,1478.7169259760822,bearing_fault,trusted
1.0376216616940235,36.5474064724433,8.905332561959106,1469.713000876436,normal,trusted
0.875129673698508,41.963978585343355,11.748691013134101,1470.566780146534,normal,trusted
1.0039338511451512,39.505186673811345,8.919920705498864,1499.1026328878313,normal,trusted
0.7227875876040828,44.59533667180316,10.312580020871117,1551.7856630777828,normal,trusted
1.6565381823098462,73.27399078545761,18.126771911477277,1461.4190802854964,overload_fault,trusted
4.1935715397518845,56.97383914031316,12.311429373800065,1531.09998976368,bearing_fault,trusted
1.7709207027116192,44.48507713483059,28.309764642024906,1507.673353829098,overload_fault,tampered
0.9983623849845644,40.203739507508004,10.661125847914606,1508.2291980103082,normal,trusted
1.2310015362083022,39.49124088250813,17.512628107402115,1828.8092679244812,normal,tampered
2.784899180792343,36.466810048278305,23.961451823763646,1496.2818184164896,bearing_fault,tampered
2.1323227040513486,75.73553981131957,19.641726895708775,1388.0553202934743,overload_fault,trusted
3.595196104996503,56.37420298498123,11.486503748801944,1446.8783932467313,bearing_fault,trusted
1.6793236439272123,72.51170288789203,18.742265065817215,1859.885866944659,overload_fault,tampered
1.5953491038749565,81.30518643415343,19.694034652981266,1401.2820306430226,overload_fault,trusted
0.9249251072318325,38.57275264206215,2.0347600194811655,1538.829846621722,normal,tampered
4.1311532679549074,63.37817700639431,11.909927804191394,1371.3357071458013,bearing_fault,trusted
1.8313036784033927,73.92285702103038,18.29080366527678,1358.802064412596,overload_fault,trusted
3.7297199242462105,58.098250475682846,13.089137183913362,1451.4749214385351,bearing_fault,trusted
3.720158643205396,52.84742248806198,12.503317364054187,1454.2438451711414,bearing_fault,trusted
2.2277995193802322,84.98216613975612,13.351344537169254,1750.5229450003426,overload_fault,tampered
1.1386374443328036,39.733610656862496,9.458180652792578,1586.0385262007796,normal,trusted
1.1203309390365526,36.936864517965034,9.630298339862044,1476.2357239976807,normal,trusted
3.5041960713752442,55.27839103863626,11.259825895705772,1497.7710264933114,bearing_fault,trusted
2.4584799101626955,73.82507671402463,20.10462842633523,1393.2193624975268,overload_fault,trusted
-1.301722970768492,82.13231048167445,26.127117582071467,1362.5002814076515,overload_fault,tampered
1.0807990036390915,50.969255120921744,6.277081062186637,1489.8783096561408,bearing_fault,tampered
8.140575176128195,39.98647282797511,12.241908395014866,1375.3017433979983,bearing_fault,tampered
2.3999348866775647,79.11887230634848,21.044749886443192,1454.4588660057925,overload_fault,trusted
1.1559073957343278,40.3076595511788,9.605278927693858,1508.711975953626,normal,trusted
2.0315473653567815,82.51632782916596,20.987509193617417,1462.7495615124737,overload_fault,trusted
1.0535286641778496,39.68145420813227,10.057614113533642,1522.3977658030276,normal,trusted
0.9593160308919325,36.16895066508931,10.207846285444408,1512.557862936719,normal,trusted
2.0161582901947503,77.1342497813758,19.10906727837817,1369.4408197214368,overload_fault,trusted
2.1422125002339154,73.31954153570986,28.5186878818873,1411.9556978166404,overload_fault,tampered
1.813753535941073,75.19526123704757,20.002619470175492,1393.98462208194,overload_fault,trusted
2.3893539324609656,73.88371885704346,20.85820738984476,1318.5769456423702,overload_fault,trusted
0.9180154966422225,52.158390425707,4.882193912459078,1455.2490089992873,bearing_fault,tampered
2.0691104057419167,76.43109232057546,20.1948966934925,1288.579528246124,overload_fault,trusted
1.981238241273575,80.35102649958294,20.244877439807308,1459.9573702461648,overload_fault,trusted
2.022705761109791,78.7989454780983,20.262527608024406,1472.0702894765182,overload_fault,trusted
1.9199470183705178,66.98351078680201,19.091509174360134,1360.9891495050103,overload_fault,trusted
1.928754727260549,79.99092928066021,21.59776754243368,1389.936458393175,overload_fault,trusted
1.2378712360174706,35.85178548910412,18.024907882355983,1553.1833637758214,normal,tampered
3.824148198024378,62.03853801350717,4.848491849076602,1413.8607692731202,bearing_fault,tampered
3.942493254016129,70.22050151163185,11.845753172603906,1481.3713419949925,bearing_fault,trusted
1.8167965587363701,119.07377439901508,26.59268934224163,1525.7295866569434,overload_fault,tampered
1.1719857407927408,33.48815377061376,10.309646983516595,1531.282956107741,normal,trusted
2.089966725422179,78.17082474665656,19.527775924763787,1394.1196954800885,overload_fault,trusted
2.1368577912242923,85.68077561382965,18.45159607301926,1326.7633003625976,overload_fault,trusted
3.380161688301491,50.699332350741095,12.653501321538513,1506.236008337761,bearing_fault,trusted
2.0135920470454227,112.38258097210418,27.6186347372983,1412.4048715323786,overload_fault,tampered
2.193563651931073,73.96453149576301,18.14848164425381,1281.6640220874538,overload_fault,trusted
2.1224390248927127,87.36345162112875,19.452418485701788,1455.9954256113651,overload_fault,trusted
2.378261751525051,76.46223834558465,18.979726442696986,1439.9702092528478,overload_fault,trusted
0.9680993449701545,37.977362614826475,10.89814260365099,1503.8045753484694,normal,trusted
1.1026023189156735,42.31459977928576,10.259192205017715,1490.7782962437338,normal,trusted
2.85685077415615,101.6450862643127,12.013193655981441,1495.272393783732,bearing_fault,tampered
0.8803303806878222,37.41304612157337,11.899685240021146,1423.2609778217407,normal,trusted
3.1501483251234075,61.55575078467262,12.56635637907067,1543.3970494758578,bearing_fault,trusted
1.8213553140670995,75.63787929645918,17.272880924597793,1504.7927758600158,overload_fault,trusted
1.5430942002595056,53.03701619200541,27.573576976746278,1433.3662514877608,overload_fault,tampered
3.4715118786260764,42.128690434385476,22.361047135199684,1443.1194743731508,bearing_fault,tampered
7.021283995157264,91.5141979135134,11.917215900302333,1542.904776275639,bearing_fault,tampered
1.9050586872050348,83.50965672835395,21.34280874332936,1433.6954109446576,overload_fault,trusted
1.1279176276945173,41.14865720915515,9.606602064215892,1439.2758371284099,normal,trusted
1.0495279133915185,43.642569486785504,10.300049721513872,1499.41071466933,normal,trusted
1.9903960834509804,77.56178886123304,18.935564368858824,1374.1480430050524,overload_fault,trusted
3.6319030693327417,16.57484543724707,11.941630754731626,1446.2350259075174,bearing_fault,tampered
1.1142464383767867,38.13237954200334,10.962160645228916,1532.8081938421876,normal,trusted
4.8309390199705815,61.041980957295614,12.830397749107542,1434.2202613884115,bearing_fault,trusted
2.5264086457311965,55.76495270044072,11.815239629473693,1425.4962916628795,bearing_fault,trusted
1.7956347129223456,79.46157595226803,19.57826130889106,1331.208222843747,overload_fault,trusted
2.895295272425053,66.92563900982945,15.11670424132392,1522.4946017586244,bearing_fault,trusted
0.9705927218571158,38.12618977535446,9.287983400189118,1481.7216532160123,normal,trusted
3.3731142194678,61.16157670233773,13.22575644872362,1504.5352143934995,bearing_fault,trusted
1.0083257362159335,37.823825433976076,10.293160917257241,1471.2337879959937,normal,trusted
-0.11817694011805013,63.95425522129045,20.541410038084102,1439.8009098277075,bearing_fault,tampered
1.7404406765502023,86.04232399816031,18.75812001847685,1387.4702732457713,overload_fault,trusted
1.0645641327913902,41.539599433231544,9.652639653392892,1525.8870921745297,normal,trusted
1.0461941159327035,37.77342371800769,10.673701567310106,1515.3830650502,normal,trusted
1.0537376460067251,41.66608068552573,9.278311089455158,1523.3946189850103,normal,trusted
1.5874155360293967,81.43272090948781,20.735989393120988,1410.1416555673743,overload_fault,trusted
1.5623868211077265,114.96644019971146,19.594100432639504,1740.5565532763706,overload_fault,tampered
6.936573734142959,36.84484205812701,12.870952517251483,1518.7884756157243,bearing_fault,tampered
3.958736768304433,65.73305705381787,12.391313600427345,1474.1726792350778,bearing_fault,trusted
0.8995043915097769,36.74029642122823,9.625259441680434,1555.5101340835954,normal,trusted
2.598220375404505,56.828571488363174,11.515001921709132,1490.4436487582914,bearing_fault,trusted
3.6447132615630577,55.401140246232,12.662213381906387,1420.083342484297,bearing_fault,trusted
2.4331097908842967,91.65923816065663,18.564251982126272,1484.4608919475074,overload_fault,trusted
1.6754834045879807,80.01284821316577,19.596289326142973,1431.8881999620903,overload_fault,trusted
3.396440054443873,52.26366754269268,10.784746535697266,1494.3924592746914,bearing_fault,trusted
3.4918755403536355,86.92475236463063,16.27684568712494,1456.8556636640346,bearing_fault,tampered
-0.17501848071469128,52.89835566177966,10.76483602782452,1813.2357147758123,bearing_fault,tampered
1.8833820447356044,70.34296626966841,19.560056716691882,1475.9050982183794,overload_fault,trusted
3.0691616028269575,53.57069391809646,11.983301386913702,1900.229524746436,bearing_fault,tampered
2.0565907112239294,70.27893842731642,19.608960211816328,1342.939535998431,overload_fault,trusted
1.0394394402738978,36.99612570173037,10.528029993432268,1538.3622481570012,normal,trusted
2.7865822688866344,56.65711041122303,12.056048946295528,1102.5801488841582,bearing_fault,tampered
3.563749151719708,61.918025471486494,13.837745630786756,1482.4515907922198,bearing_fault,trusted
2.189941519454853,78.45121445900836,20.14473722383675,1381.4945559066455,overload_fault,trusted
2.56237461015054,58.838257323633506,11.057819003040695,1475.7263413633748,bearing_fault,trusted
0.7423253164313615,42.9584089508823,10.175667941743955,1488.4776710574347,normal,trusted
0.8835820576418305,37.718473455785904,10.444116545555865,1474.7301911092152,normal,trusted
1.0189742901886132,37.1217167405744,10.06772902458621,1460.6274725714245,normal,trusted
2.2524249146403097,73.61983867324163,20.94909215441684,1375.9930999782575,overload_fault,trusted
3.761000076469813,101.88413219324659,12.505056346199627,1566.3572496954307,bearing_fault,tampered
1.2185558620975732,38.37232653966453,9.20068408693519,1497.933522394323,normal,trusted
3.214745749447422,61.04341206456894,13.098767622362972,1448.6661848123865,bearing_fault,trusted
3.468106120145533,59.04839654545745,13.319039335915232,1531.232349939341,bearing_fault,trusted
3.2064144999496396,56.65948153487804,18.207233170899823,1981.7599431253914,bearing_fault,tampered
1.6269258222380412,79.29810193787627,15.45796615539768,1411.8525659891084,overload_fault,trusted
2.178579053432519,77.18164933671214,20.341686950183316,993.9891649447154,overload_fault,tampered
1.370621463383234,16.56708064150341,19.71865649631159,1475.463571160427,normal,tampered
1.7804489503093235,74.46288059840674,22.82079458910161,1425.46818782324,overload_fault,trusted
3.3517549739714934,64.80169869523226,10.43619649979433,1496.456307566113,bearing_fault,trusted
1.7617386855200947,81.89057358488427,19.548752568008236,1477.5729882738985,overload_fault,trusted
5.222985437751447,83.59197236003092,19.735868455160556,1399.9227465774727,overload_fault,tampered
7.3161352978869285,40.65281561565824,12.747123238229776,1364.3771822247825,bearing_fault,tampered
2.5526749269423488,70.65013146445109,20.278480303167903,1398.1170727404053,overload_fault,trusted
1.636824450458044,68.98663550052459,17.499992096276912,1413.2206984554398,overload_fault,trusted
1.9938734660551332,80.2040486486621,19.939889188179322,1416.7086627206932,overload_fault,trusted
0.8907310139294262,33.678422958010934,11.548304946823288,1526.5423561425423,normal,trusted
2.0582274888509535,83.31690571789964,19.853466078690964,1315.6320893252257,overload_fault,trusted
1.1117005871620635,39.2900235260443,9.22415968390794,1513.0313946021106,normal,trusted
3.7346231500448575,60.94675250819171,11.588665767729703,1341.7354152659386,bearing_fault,trusted
1.9594667611008565,76.36844549856781,21.596555243629133,1392.6898309726807,overload_fault,trusted
0.9896679217814742,41.21186206220683,10.158862896545214,1421.7737575735466,normal,trusted
0.9205688870720019,42.8429488295449,9.179671897777677,1469.1566543397382,normal,trusted
2.5054558766793944,66.60788458648457,12.466676798080766,1486.4032046672783,bearing_fault,trusted
1.8930792979246425,76.93451958118963,20.578198017108143,1380.7846991964159,overload_fault,trusted
-1.8695054455821842,37.65462931080002,9.353095624101956,1853.1952820261408,normal,tampered
2.6539667924845896,54.77210237972632,30.51671621508758,1328.8542715101917,overload_fault,tampered
-0.8774734941284286,36.03060920057385,21.959837661481018,1425.2440595245337,overload_fault,tampered
1.001446381672219,35.63920216020511,9.716242157632259,1527.18826946028,normal,trusted
0.937806418916047,33.70764712716957,10.585942247810271,1455.7449373587974,normal,trusted
4.083948283799537,8.17287124232157,11.293793692509778,1387.3258943933618,bearing_fault,tampered
3.1494992384904617,17.953587353753115,14.352313897312388,1111.0498358401721,bearing_fault,tampered
4.0938553886913684,41.895414097635786,2.6955001223469086,1466.1622267591888,normal,tampered
0.8006194096313788,37.349724531737095,0.9147201192487096,1450.2395428536888,normal,tampered
0.9467318036297493,39.165238694628485,3.023867029701311,1871.1933821828509,normal,tampered
1.0263259001636627,35.40785422822988,10.07635123079019,1533.8799581593853,normal,trusted
1.1006187044483613,39.893167791429725,9.15849018168127,1539.6749046006469,normal,trusted
3.9396267109047427,67.83434321456333,12.350912969810102,1400.066453054072,bearing_fault,trusted
1.0418531072855555,44.550377971417745,9.020236177879568,1550.0821656588523,normal,trusted
2.6831610469239355,55.73224211347192,12.906458120812363,1519.538608802158,bearing_fault,trusted
0.832739781755845,7.267343703250489,10.030303995591678,1480.3685318204662,normal,tampered
1.6530443598501252,85.18281253516292,18.082159650326005,1337.9883028256495,overload_fault,trusted
3.1817950032495244,57.75506755969524,11.212882364792893,1428.1364935812308,bearing_fault,trusted
0.9919656192522159,39.704661993076364,9.186220527118687,1494.0657249504845,normal,trusted
3.6209745721639535,56.85000401986109,13.489638090790624,1581.3938162819074,bearing_fault,trusted
1.3410093348502894,89.2048438358077,20.682231463455516,1353.9562570277249,overload_fault,trusted
3.048558121981793,103.41591457422588,11.441913000186569,1482.7499570710615,bearing_fault,tampered
3.337489684282705,63.412107258084745,10.803299882415484,1462.1376211452239,bearing_fault,trusted
1.209272143140135,36.543253476169696,10.441487017225034,1497.3830877452344,normal,trusted
0.870965394373435,-1.958388881537381,10.469806129395872,1518.5089622684613,normal,tampered
3.654134016320683,64.27788682959691,15.293854108368148,1496.6948721316849,bearing_fault,trusted
2.473508920671049,71.62928346037721,20.09983548565433,1352.4272278254123,overload_fault,trusted
2.462744560053245,90.10417642335383,20.696374360507374,1420.0081720107476,overload_fault,trusted
8.05813279967899,37.02112893946284,10.300523453213556,1476.1298684642634,bearing_fault,tampered
2.3974304218824845,54.16081743718394,18.364811861469537,1461.1606985097224,bearing_fault,tampered
2.3011809817914104,119.74890815783505,26.914966278853843,1461.0019679306647,overload_fault,tampered
3.597308631149497,63.52091691084846,11.706133102526412,1507.6540214049398,bearing_fault,trusted
1.0476389565398607,43.08634275923653,9.440782517516858,1506.199194050176,normal,trusted
1.0046695848281753,36.79721869286534,10.47096262257212,1485.3606063372667,normal,trusted
0.9435552814848646,40.835727743535415,9.81084286402839,1485.6313104194744,normal,trusted
3.4055554558417627,55.12827945761391,12.013401858218039,1399.6963430884127,bearing_fault,trusted
2.1051023103354405,60.336673987905115,17.772018427990314,1391.322607992963,overload_fault,trusted
1.8346754576537057,76.7766542468003,19.193685847155574,1436.5407841120575,overload_fault,trusted
3.0367402875432625,64.9156756993106,11.58977700581048,1513.9642228805385,bearing_fault,trusted
3.3503101447712154,53.400050739157116,11.938425123949504,1207.0396516405015,bearing_fault,tampered
-1.4567117559845935,80.45466119478024,19.63997427227484,1349.939931414418,overload_fault,tampered
0.9399258224813616,40.127867569236116,17.70592362707185,1552.5560655420918,normal,tampered
1.890750688899678,65.49865707236376,18.96487735009884,1374.7974688692075,overload_fault,trusted
3.4145419620344084,56.471047671741346,14.494022816381907,1460.547490215081,bearing_fault,trusted
0.8464190850831975,42.189147021351125,9.2934402950759,1467.880185892491,normal,trusted
2.1003821875192163,83.14596897099642,22.564817797829974,1459.6285812875976,overload_fault,trusted
0.9434170231060062,38.77500051151999,10.213388934381314,1504.9409156591423,normal,trusted
2.765812716245046,78.5964151678906,21.447638018188872,1410.0069435680466,overload_fault,trusted
0.8341382181547552,41.6786211118485,10.164328421569008,1441.747526233443,normal,trusted
6.4917675979795195,49.74596368638208,10.796680670629522,1498.4780143990893,bearing_fault,tampered
3.360205655600975,50.88370587823242,4.619853980326534,1478.5376780639388,bearing_fault,tampered
0.7263114585553693,39.297623388151266,10.912202624755425,1524.0678369578154,normal,trusted
1.0504387395731354,78.10455293275166,11.163614432767229,1476.2860995482586,normal,tampered
7.445546914590764,37.912431314242,10.754404730438715,1429.7124103549106,bearing_fault,tampered
0.9386998529136381,78.5213931565268,11.697339988052752,1483.9557103906395,normal,tampered
2.0535985948090367,71.54790825829903,11.913193848973005,1731.5397854167215,overload_fault,tampered
2.5384141074243765,77.31754057735311,29.035496507506924,1879.1723552569044,overload_fault,tampered
0.8113551693216111,45.31402372680305,9.533507942157847,1468.3317373874952,normal,trusted
3.4685351676462934,63.326396858496,9.440083433697502,1481.3633959642746,bearing_fault,trusted
3.008260612271763,51.52516510762784,12.90144670033536,1476.574310357958,bearing_fault,trusted
5.087949026892504,17.056738525651163,9.428695126239958,1455.0898269088718,normal,tampered
1.0365240074836313,33.04116781974635,10.0758614877843,1522.665093607159,normal,trusted
0.9831050936300337,31.208216872441675,10.251055216085698,1570.7223894571541,normal,trusted
1.782274291525391,83.697346794269,19.634349314906235,1383.4780311871384,overload_fault,trusted
1.053725803611408,36.85647934339054,18.67333527151639,1837.7994561915755,normal,tampered
-2.3953181584045877,44.10220458321527,9.85838913113885,1549.0128070908465,normal,tampered
1.0036007846237127,42.774097590309374,1.0899248037098488,1392.4439405212545,normal,tampered
5.891865104051911,63.33069743759323,19.75467050731087,1476.596335666156,overload_fault,tampered
2.2653437782315997,87.41346068694966,13.814254883348468,1862.2006192336273,bearing_fault,tampered
0.9978924608227064,37.82616684544683,9.372176602275207,1506.9733314437233,normal,trusted
4.914434350197042,19.338031780276154,10.43248760235766,1498.1073688386732,normal,tampered
1.829326220615622,73.40601781933616,21.161580180385148,1439.401353246753,overload_fault,trusted
1.6900608249625728,75.82322649733001,18.302113324031417,1402.6764253115093,overload_fault,trusted
1.761722796620219,82.93524150097018,18.35469240699062,1420.4884898278628,overload_fault,trusted
2.142210299172296,81.60053733157561,16.67116726798376,1380.213792999682,overload_fault,trusted
3.3962345675264993,65.38918150004136,12.648755297883865,1464.020093791992,bearing_fault,trusted
1.524459527623312,79.22742989820196,14.24750116166927,1425.5291488544626,overload_fault,tampered
3.4596563694530436,56.779065404491654,10.620019334096304,1465.9616487571802,bearing_fault,trusted
3.2040674676576746,53.99260299628488,11.219545875491335,1440.1943495094047,bearing_fault,trusted
0.9486006613404271,34.41446454027246,10.153936894214546,1503.5327877107304,normal,trusted
-0.7950888750634642,70.09670916241947,13.539148632849127,1327.6425884455482,overload_fault,tampered
2.0409475982017176,53.42282969893087,30.599788244644028,1428.0016212373018,overload_fault,tampered
2.508731579188232,77.41712642998073,18.640923499599484,1436.0799260339156,overload_fault,trusted
2.1386526868250635,76.31469924535332,21.328066329348687,1438.6969245331768,overload_fault,trusted
0.8641616271907646,5.920564310441009,9.34030194303631,1517.940824770093,normal,tampered
2.083591928094145,78.84622071344131,30.289181213162035,1854.126939423283,overload_fault,tampered
0.8705251375541639,37.981086946817605,17.192679726906526,1911.2696127174243,normal,tampered
6.033695367304565,50.28908947236814,19.64476496957299,1494.3208882812628,bearing_fault,tampered
1.6353091611203956,78.94744746911925,19.305635406157112,1361.2440679701115,overload_fault,trusted
1.6724466149215529,62.92460062150168,28.772399268192434,1501.6907560482787,overload_fault,tampered
0.9047036451969491,35.87083750276616,9.768099507620104,1503.3064497136872,normal,trusted
1.7209309786116265,78.51211330571007,19.695839643853002,1570.535595825812,overload_fault,trusted
2.0106506496419914,54.12418544630759,28.02528479435724,1374.1828497601377,overload_fault,tampered
2.163106217309905,75.67146998939388,18.929393631218595,1465.930095290213,overload_fault,trusted
3.577953968483451,52.20005280153379,10.576267888796275,1796.3915520312692,bearing_fault,tampered
1.6390519082417754,78.97777272794991,22.11342215987294,1401.6200452105356,overload_fault,trusted
0.9703811445386097,13.535940295314198,21.106297791232585,1467.9905733622127,normal,tampered
2.3263981300915315,79.08740492627906,17.28771263251017,1440.6444195870151,overload_fault,trusted
3.8840962721682177,107.2554210825341,11.958702684659437,1418.9276984788755,bearing_fault,tampered
2.6665411713928338,47.85330985622541,18.858629780288723,981.2950122952032,overload_fault,tampered
3.635295850112922,65.2863543163928,12.471700665062631,1532.0499014822794,bearing_fault,trusted
2.487188761525805,62.805786068589256,11.804950148795568,1473.6416354963474,bearing_fault,trusted
-2.033764399028684,38.66138420695821,2.5127174849413443,1512.821793912692,normal,tampered
1.7117767660527345,76.24421581432368,18.48240690612305,1407.153275509591,overload_fault,trusted
0.980842203109358,36.61903626939741,12.250119398590979,1549.346717604626,normal,trusted
3.7847318889241097,59.683535958781526,10.45015421201075,1432.9248804884437,bearing_fault,trusted
1.9142480871330105,75.50853318564728,20.863293277869964,1364.6663780906301,overload_fault,trusted
3.3070303327446267,52.229255322065356,12.667045547583653,1535.5509982912317,bearing_fault,trusted
2.0127827671280105,71.20115822913694,21.123689883959937,1490.0936036270684,overload_fault,trusted
3.3051266289897248,59.02615545851489,10.915720399164643,1495.027058933959,bearing_fault,trusted
4.143396326849503,52.944981031425456,12.462866822254906,1418.9669112259503,bearing_fault,trusted
1.6434961771647159,50.44439949484726,20.022210527345393,986.4240675677493,overload_fault,tampered
0.9570324796514591,39.2634955307935,1.893538846390987,1476.6894465113862,normal,tampered
2.883866772280107,60.193340837085046,11.95142851120073,1352.7395135612749,bearing_fault,trusted
2.1611582437944894,79.06997752357942,17.77356531869524,1399.0710872699349,overload_fault,trusted
1.1755963469463473,39.490840610738864,9.247575827599027,1497.549549941552,normal,trusted
1.7254475928880046,85.8324371807656,19.472333950928125,1420.3527325795994,overload_fault,trusted
2.9528417860708007,61.31072640745302,10.438402954873471,1461.145440503211,bearing_fault,trusted
1.0279453624164603,40.33183936773603,9.180376869669594,1458.0844098838045,normal,trusted
0.9924703979237589,37.221765878948524,10.507768513672003,1851.3320648229292,normal,tampered
3.2222512279158213,54.149359586796564,11.89776427203786,1389.3585214852278,bearing_fault,trusted
4.991182560609152,25.474637053421347,9.976846614148188,1489.667415250777,normal,tampered
7.710653072616131,46.38709680007133,10.241459402414002,1409.6571878803886,bearing_fault,tampered
2.4862294006325074,78.34455464867811,18.89089411994823,1421.476105382172,overload_fault,trusted
1.9805057057028563,84.64382195462349,18.49634679301938,1429.9793259964774,overload_fault,trusted
1.1199789096292354,39.23617549070191,9.78328509834325,1481.3268166010992,normal,trusted
-0.35959733491433576,53.23276254969795,11.427500824018795,1527.761938354866,bearing_fault,tampered
0.7524114067834309,42.07031327429204,8.557715042865693,1540.6032496325242,normal,trusted
1.8309357027396,80.73330208442867,20.411357979046368,1417.1599099000425,overload_fault,trusted
2.3375160469062846,80.97164399751297,19.45347249516856,1375.9635282626937,overload_fault,trusted
1.0841996377707481,41.64438513892659,10.22339324314685,1542.5418845774193,normal,trusted
2.015961629734669,77.00274051851358,20.098192063337457,1374.9080181337733,overload_fault,trusted
1.1055277569835393,39.39375026383179,10.23057525047226,1468.4638089760767,normal,trusted
2.4463350791496032,85.77578627417144,20.745397273519796,1393.092018958121,overload_fault,trusted
0.16361184836721332,61.36664583028742,5.708809515322121,1469.5138924755,bearing_fault,tampered
2.5688096863358636,65.12539666312723,11.459541523971243,1490.4776935610944,bearing_fault,trusted
1.0469517591919881,37.81126841759306,10.247039421478533,1458.6791981086278,normal,trusted
5.86376215084865,60.05914453474816,19.240770123877102,1320.2905688370242,overload_fault,tampered
0.7975198679250364,39.06476100753266,9.000752023457558,1538.1730977630846,normal,trusted
0.888810887031337,40.2271398638705,10.030018585871678,1481.0305809920833,normal,trusted
3.478817237823598,57.836864887455455,18.76588291846078,1856.46033402824,bearing_fault,tampered
1.935583739419741,77.1269104231367,16.993784174729598,1404.293201784433,overload_fault,trusted
2.3993131900365006,108.10441915244762,20.831539857498452,1735.8698852358184,overload_fault,tampered
3.4464734629941147,53.76391521184319,19.989255429591303,1418.501828457755,bearing_fault,tampered
2.807511357103895,53.899943986802484,13.256418913857635,1499.7671280265877,bearing_fault,trusted
2.0993059174410504,72.65150719455133,22.44758065416314,1405.511442052384,overload_fault,trusted
2.01754382691749,78.0966304388236,21.938933615509015,1366.6660625558234,overload_fault,trusted
3.3088079530149064,60.05275817529148,11.940499471713263,1471.6291187666923,bearing_fault,trusted
2.1363239917755683,75.89794514445697,17.24489934676798,1306.703801806605,overload_fault,trusted
3.4653250511786555,54.4040655201853,11.853877088584591,1444.9788349174817,bearing_fault,trusted
2.738564117751789,67.6045041104301,10.698905503468689,1452.635484926014,bearing_fault,trusted
1.0801991221729597,39.39117416897389,10.050158642589372,1555.1572100990886,normal,trusted
3.1949237451217702,61.48103730918042,13.171524509184778,1463.6338007871052,bearing_fault,trusted
0.607545453416956,62.346627134413076,11.878071683333008,1797.5096596440378,bearing_fault,tampered
3.746941715136917,50.01286189416719,11.047463333704314,1431.766153418885,bearing_fault,trusted
1.7202910194827152,54.70805639179039,30.10298181669346,1470.1291399687057,overload_fault,tampered
-2.492206829493911,39.153912856630164,9.683265628471522,1534.8234459148332,normal,tampered
3.9127158711209042,75.9692497738137,9.427314044975013,1403.9035147257919,normal,tampered
3.367500269943741,33.82116069656232,23.126436868004305,1507.4433834731278,bearing_fault,tampered
1.1624303067483277,43.97486703814489,10.381282373859184,1529.5111008507934,normal,trusted
1.0198618554420116,42.805326283068354,9.200012175351683,1095.1741233870218,normal,tampered
2.5705090840766216,79.2574184851387,20.17218879535484,1396.7763417770682,overload_fault,trusted
0.8629674128629115,44.860210927408154,10.043002050392401,1481.1982172095304,normal,trusted
7.308624274819102,39.01761491388256,11.757538602676247,1462.4296629273513,bearing_fault,tampered
2.1574922684342566,73.36899868411962,19.986571490341667,1378.7607505382148,overload_fault,trusted
2.4089844539596497,51.10717928198945,11.696943814634311,1524.0778513967798,bearing_fault,trusted
1.6266251201955644,78.18926807162659,22.361419788501895,1372.5240794590754,overload_fault,trusted
3.146934227684564,61.118210498058254,9.231126778535637,1428.7694249514573,bearing_fault,trusted
2.854505489313955,58.15123282427977,12.421013302460553,1504.581768180327,bearing_fault,trusted
1.781592801554067,72.94201577563717,19.701651605386104,1467.326099055576,overload_fault,trusted
2.9484342657231624,63.45953217880926,11.832793163022998,1474.9476101466432,bearing_fault,trusted
2.795687506396083,81.0964112260482,24.426865866616055,1940.9988220705204,overload_fault,tampered
3.2442270691143857,59.724085389448945,10.589389899289074,1495.7772655524445,bearing_fault,trusted
4.191287026521863,36.82186148171469,21.69889640486446,1390.9469765986728,bearing_fault,tampered
-1.8287618279328237,40.98482188624309,10.156304732751039,1190.4719453914659,normal,tampered
2.671119387784717,56.242983659972595,13.090166033690663,1458.7055030735237,bearing_fault,trusted
4.836472446690266,72.36654755770022,17.376412365092612,930.829572628201,overload_fault,tampered
3.471070006975613,68.37225697404729,12.602936021257925,1476.5830295748833,bearing_fault,trusted
2.3075023456698736,82.3839396348727,19.046128667913038,1413.6918657843362,overload_fault,trusted
2.0576512743985407,76.66027755355036,20.31594159087741,1381.90597395364,overload_fault,trusted
3.1827681500544953,24.78271189147725,6.230557975931701,1500.7326056912245,bearing_fault,tampered
2.3996242177783613,76.82023380976464,20.294523446093088,1338.1049034527007,overload_fault,trusted
0.9494395270425161,39.71804370164614,18.172275034631,1947.9426071946732,normal,tampered
3.26594125857161,65.45783258224382,11.99178501958351,1504.5304054213248,bearing_fault,trusted
1.8488014674909348,73.29561337513302,21.495952622463555,1446.977578118756,overload_fault,trusted
0.8460838419687374,37.44352358210322,10.011118567466008,1480.1650441141448,normal,trusted
3.322365106307207,54.67830910213502,11.693989876903192,1475.2115707314942,bearing_fault,trusted
2.1888204836186196,109.24463336857595,18.998175275318612,1391.6123885581712,overload_fault,tampered
1.5768985441755727,70.73339645844041,21.296778799510896,1866.6451000661605,overload_fault,tampered
1.9076933703683112,77.70380034939107,23.80587164004237,1819.4622492173883,overload_fault,tampered
3.6474011174419863,60.16328076289845,22.898800613559523,1391.1997862331482,bearing_fault,tampered
3.24537241911188,73.76690656780352,21.352971942763872,1375.1316886345664,overload_fault,trusted
3.0755220483405434,69.63902668213296,11.095127390014147,1455.6706353990326,bearing_fault,trusted
4.944058977014464,73.83937376329342,20.012745152207334,1706.515534248334,overload_fault,tampered
0.8347976622932429,41.344972197919475,9.975333988732652,1518.976835000349,normal,trusted
1.0190247629292057,39.33709804664094,10.291620030394242,1507.4099824459709,normal,trusted
3.242623615309252,37.38202512368579,22.509264992924905,1531.788965967277,bearing_fault,tampered
0.8892536269725679,38.72661187065431,8.093289037634111,1508.4925494963352,normal,trusted
2.7563860225409345,59.577906270986816,11.52581338414526,1509.698893797443,bearing_fault,trusted
4.171471144160471,54.68516976515123,11.665347142318394,1501.7265298834502,bearing_fault,trusted
2.1026796274315944,37.06282368958226,12.7817413037763,1363.9135688476301,overload_fault,tampered
1.6911233290978898,77.99682291896481,21.188619233317795,1279.1573752820284,overload_fault,trusted
2.0244109831861206,65.21910985109325,17.74116178452514,1419.981988381776,overload_fault,trusted
3.0413690560234574,59.98992278781441,11.720072173797146,1432.8950411040194,bearing_fault,trusted
2.803143099377795,56.613233690344906,11.83937885987923,1473.524431128252,bearing_fault,trusted
2.522589470956136,58.645211642936175,13.674359240186822,1441.543332611288,bearing_fault,trusted
2.2916637512659968,46.693779716986754,20.758896691470955,1361.054964731232,overload_fault,tampered
1.4656582999321466,83.59271715153207,21.08211856033894,1342.808574478785,overload_fault,trusted
1.2793183720415302,35.19938245286957,10.615885514444283,1592.215926404525,normal,trusted
3.9649221074084924,58.705476910810695,12.995030778384006,1455.0968822676532,bearing_fault,trusted
0.8783539160271522,44.14512278013339,11.034807974767496,1483.818110306755,normal,trusted
2.324125540426695,75.08886791299715,20.8053957089784,1468.709423957454,overload_fault,trusted
1.5025844849494412,76.54937102520746,21.016244518886996,1361.8327080122233,overload_fault,trusted
7.057958664882439,31.89370698584814,13.076175025087915,1408.977875606942,bearing_fault,tampered
2.732394991276778,65.36612172819736,11.604131605417228,1468.5897401555053,bearing_fault,trusted
1.00150942028222,15.664125761928688,19.24185093148866,1510.0583248375242,normal,tampered
1.3773973209208448,68.38586839835301,19.630408407186557,927.2502721246815,overload_fault,tampered
3.6535294769482363,64.13725648404328,11.420094172688072,1476.8791820004,bearing_fault,trusted
2.0290845742771184,74.847482036626,17.68793359630435,1482.399934659707,overload_fault,trusted
3.2635629909791115,31.535922505068434,22.443305241256006,1520.7147975869068,bearing_fault,tampered
1.874307049004933,77.44206890935581,18.281766629927326,1465.4340501457282,overload_fault,trusted
3.782351613601822,56.76193483437787,13.152582578901391,1581.6070346018298,bearing_fault,trusted
1.0938820410901193,41.350951834131436,9.125010350626663,1506.1495159657698,normal,trusted
2.989741175652293,55.730700708229065,11.779605506503884,1371.7043992952435,bearing_fault,trusted
2.7661552330925976,74.2237528063365,18.76396536215307,1379.2911879560197,overload_fault,trusted
3.9211201134952542,66.19969503432799,11.556981593260108,1873.8361947111746,bearing_fault,tampered
2.469843777039241,56.39961274780876,4.196934855721489,1177.225833848563,bearing_fault,tampered
2.661669425370929,59.7477897431603,11.918614795517783,1505.5282234809665,bearing_fault,trusted
2.4299769046374022,59.6827211213799,12.759050565522209,1479.955329390028,bearing_fault,trusted
0.9714191507230402,39.53894468691394,10.524494448937107,1464.7091889804008,normal,trusted
2.0050364491225148,78.14434621837908,19.690701466763592,1393.954437542463,overload_fault,trusted
3.6780868408992733,22.690939045484754,19.642252150088297,1464.1623741445235,bearing_fault,tampered
0.9490271526648291,40.53622288985898,8.735728545723571,1533.9293426761872,normal,trusted
1.247415898327793,37.32541163598389,2.1367506969026397,1537.996329104092,normal,tampered
6.669354805045021,51.607950299801885,12.53973451725635,1467.6897898858442,bearing_fault,tampered
3.091637997976891,56.534743982990584,12.005490407536355,1918.371775506386,bearing_fault,tampered
1.2396077070030143,42.820868394650766,9.344196856983325,1521.5054043012367,normal,trusted
3.498747981378969,62.50539420118828,11.611523174381787,1416.18546834865,bearing_fault,trusted
3.646131781757217,59.5014671872059,11.961939876557992,1429.7033590284586,bearing_fault,trusted
4.13102403068054,63.95262352477821,12.970058590207604,1411.7574022668148,bearing_fault,trusted
0.8586035652262162,37.03411855169618,8.827051214024367,1461.9887906438048,normal,trusted
0.8675511162661591,38.814267564989585,8.094986127902462,1497.347998323906,normal,trusted
-0.15454666212562884,56.41331442616415,13.26620877809457,1419.494683316135,bearing_fault,tampered
2.209277915566476,75.59787378545717,21.72137069704745,1453.6839975084677,overload_fault,trusted
0.8506633854878709,38.76898007996467,10.541987873673115,1506.4528347511482,normal,trusted
6.374175038934303,68.85062071465423,11.462913880381512,1396.2549154545636,bearing_fault,tampered
0.9287020053163847,41.66674626595037,10.512792575515979,1507.567163671294,normal,trusted
0.887065348489005,36.77570195854686,11.870276095337733,1530.4386514843072,normal,trusted
1.010858773795345,33.67613997466767,9.296286058105995,1480.679134484595,normal,trusted
0.8204033572116008,39.43484761820685,10.009373134175492,1519.1139140812356,normal,trusted
1.906025664403461,70.36558285249176,18.897697239760227,1425.1047687227829,overload_fault,trusted
1.2295912558081803,77.3050325977986,17.189125224747375,1379.9282744946863,overload_fault,trusted
3.9417019688614507,54.474043955353366,12.686866961334855,1439.084966973874,bearing_fault,trusted
6.64510482872745,59.558123778372995,11.612515267841639,1812.737041643155,bearing_fault,tampered
2.1522838295099156,82.85727309330075,17.412886260600164,1482.0470587093741,overload_fault,trusted
2.172773500373953,76.88484378705485,16.855430844634316,1485.9462057535018,overload_fault,trusted
3.5764136791258854,55.37908546872499,12.014701825279436,1441.6005247480145,bearing_fault,trusted
1.9053708058331364,79.96613222947093,28.583629736851908,1890.595733413194,overload_fault,tampered
4.398742802577033,44.26928544853486,9.867785623982051,1514.8486848109317,normal,tampered
1.1753733150690642,43.94442361451772,9.759388332122612,1524.9549098870784,normal,trusted
2.7726478703109634,56.471610693492465,13.547126279542768,1393.3924219789037,bearing_fault,trusted
1.0307961257297835,34.99972620102929,10.075456125104878,1805.709908380763,normal,tampered
0.2443217664250552,54.87810607713302,18.584961891216455,1434.7953286151571,bearing_fault,tampered
1.8733878696481197,76.14127461720835,22.217260166634965,1358.0753878604867,overload_fault,trusted
3.040834432846104,67.36117337818226,11.348504917480724,1444.4034298462714,bearing_fault,trusted
1.0026222574628132,41.58824022137717,9.57725909510758,1550.25979062187,normal,trusted
0.9829596142710975,40.87012118945061,9.50358510348107,1486.9270100986703,normal,trusted
3.0515416446003174,50.10140651402788,12.392026611059912,1409.738026136719,bearing_fault,trusted
1.1128677659669457,41.13784010309549,8.86258908052434,1475.5854977691292,normal,trusted
1.0170910883284678,34.32416124006427,9.818064469884893,1468.233387286479,normal,trusted
3.2492324397691066,51.09184338032461,10.861774550249748,1490.6205964778637,bearing_fault,trusted
1.232467739491542,41.986244603745256,9.974130305043827,1553.5259717638553,normal,trusted
0.8437384591765218,43.29993895102625,11.086496876693808,1442.3376295333396,normal,trusted
2.925320949556642,52.14455007148297,12.252264264003433,1431.606352067542,bearing_fault,trusted
1.0928669417091839,40.842563046176565,2.413138925199167,1789.1414588117673,normal,tampered
1.8616928145013656,71.64634987061105,21.489374990302892,1379.97617241231,overload_fault,trusted
0.8976107979329416,39.986101083326965,9.299112060617635,1471.412238725541,normal,trusted
0.8342603282211072,19.92820290581289,20.694220416420947,1475.68692263174,normal,tampered
2.0434241141502234,79.53941102088714,19.664692637668285,1362.114366929891,overload_fault,trusted
0.7890725930372042,42.09569903611452,10.703163222160715,1466.0710497791483,normal,trusted
1.9431991212265933,73.31047270664882,18.03194618415352,1448.211987050301,overload_fault,trusted
1.0861270730500077,78.92857690954321,10.281969997750972,1156.2710121110306,normal,tampered
2.060587180958778,81.8132674274534,18.663688789720407,1438.7625976432766,overload_fault,trusted
2.4052456001125733,81.03880292750938,26.393005602559448,1855.249622763526,overload_fault,tampered
2.6555077533734965,76.73100152341888,19.143542907218993,1311.3806704102567,overload_fault,trusted
3.617185974755099,57.512483855416214,11.200856166971528,1475.84848314522,bearing_fault,trusted
3.6984469481154227,54.10912857861067,11.597410397245392,1414.8667084200983,bearing_fault,trusted
1.8984975529845873,41.606417451766816,18.040136200138154,970.5925460830658,overload_fault,tampered
-1.1858561931061293,69.8192732471225,22.95964180420808,1050.9982790370007,overload_fault,tampered
1.9868057810687147,74.89153576053964,20.411695308212817,1516.066589315921,overload_fault,trusted
1.7608686697605491,78.96680011070924,19.753646326419684,1304.9977004263874,overload_fault,trusted
3.3452806343440558,56.04233783122286,12.014673167169104,1528.9922257448898,bearing_fault,trusted
2.392827890583654,80.27285763214768,21.30025546574202,1454.3341634521646,overload_fault,trusted
6.378617362510136,52.69653746884087,11.450834141701904,1109.1534050853406,bearing_fault,tampered
3.4352029664605768,63.83391581095119,11.837849579024718,1522.98577888209,bearing_fault,trusted
3.84931055708035,52.83252234269797,11.506417748671932,1536.9576571108569,bearing_fault,trusted
3.7113388100516786,64.19586031044014,12.420200506863255,1504.0419021714738,bearing_fault,trusted
3.9765537536931572,60.74043852041071,9.626223946464574,1502.0382077104532,bearing_fault,trusted
2.1301712459178814,72.59850013259094,18.307109682936073,1471.472112069627,overload_fault,trusted
1.0322696137214322,41.17159178895855,10.0687947845981,1514.0674899077585,normal,trusted
2.0360380297733727,74.82886646157095,20.123831057930477,1422.2358654245638,overload_fault,trusted
2.900760536302341,59.69480949620557,11.280564443483104,1490.350383711566,bearing_fault,trusted
1.052130837225503,37.7447324565595,9.535231849174814,1478.9488715954349,normal,trusted
6.23312430324107,55.068180249689966,10.305241500394807,1812.5126180931743,bearing_fault,tampered
1.6558868287403807,78.05287434904115,21.283208888682722,1427.1537878538775,overload_fault,trusted
1.1021033084631031,11.895837027945767,20.588915409808845,1556.0306293286983,normal,tampered
2.358407739517109,66.97215216474444,18.09327983846516,1434.9882587915342,overload_fault,trusted
1.037872600430841,38.4989167678093,9.10613791835898,1498.0510231572503,normal,trusted
0.9581529913301875,35.97347450088728,10.179173942698759,1484.5822248703203,normal,trusted
6.1206496603357845,63.03571215396198,18.94709551605156,1417.6046276326665,overload_fault,tampered
0.6189695489868745,55.78601339234189,18.830306833433752,1504.6358932480223,bearing_fault,tampered
6.089384269724329,93.78379081440349,14.335995953947268,1532.124398584778,bearing_fault,tampered
0.9353474418858708,41.40565833551861,10.199147128317327,1438.156333565448,normal,trusted
1.042824527097941,45.64652464061215,10.078083193996353,1523.8837378434478,normal,trusted
4.050841704070264,57.63136560522667,3.8710756440070018,1153.7063496002459,bearing_fault,tampered
3.4766524468630546,51.0029714085879,10.927948227626322,1441.02386044363,bearing_fault,trusted
1.870611356622875,77.76837542473864,19.853808731047593,1374.0352184972558,overload_fault,trusted
3.6476183819230594,58.93041446845149,10.308555902298147,1474.0916703815315,bearing_fault,trusted
2.3110830230752852,82.28776733753733,21.756955448174622,1470.979229487078,overload_fault,trusted
1.9810652926010675,73.70301682096412,19.309894918059197,1396.8515430928585,overload_fault,trusted
3.589942869495327,62.31772753865584,20.780553189322774,1488.0177480020575,bearing_fault,tampered
0.993186016672877,40.18140534435211,10.817925780288377,1499.9328559996832,normal,trusted
3.8150115735273715,56.122999180123834,13.146106639051748,1436.6763564937366,bearing_fault,trusted
1.5722410136506135,77.28742665079554,20.998661399035353,1848.3026136019046,overload_fault,tampered
1.9766058494316718,79.41187335809396,20.819994990274864,1463.650471912146,overload_fault,trusted
2.3771836703403224,80.20321752931494,20.21940037924979,1416.5125210384201,overload_fault,trusted
3.30358995548309,55.03547992835363,13.031413062940706,1453.3419445220968,bearing_fault,trusted
2.128964471948445,79.23088025345051,19.62311755505948,1343.7885224993618,overload_fault,trusted
1.1362329677983827,41.36589531524973,9.434899598307366,1889.888294170157,normal,tampered
3.7169852508502443,65.67953524621316,10.213381179870323,1434.6740817629907,bearing_fault,trusted
1.0456995103405207,42.5627195817305,18.317787242383194,1481.1074093945463,normal,tampered
0.8073932825195291,37.0975297678743,10.929970403745596,1838.4031894815244,normal,tampered
0.933139536753628,5.4103223519501,10.062285379413844,1165.0869072409878,normal,tampered
3.4127149171795206,58.81861127529009,10.539023392644859,1407.8090302670496,bearing_fault,trusted
1.5986705221410558,79.70340355877953,20.911897460267458,1358.1169137747343,overload_fault,trusted
0.9849989163616507,37.04452590306752,9.412489794086959,1481.029863376591,normal,trusted
6.22818947603027,65.08136810299497,18.725325335754064,1370.5158260108074,bearing_fault,tampered
1.0438532877236895,39.64716743372464,11.272361838332818,1479.810303439809,normal,trusted
1.0222390779298458,41.119156955302536,9.790750479146878,1433.673395251824,normal,trusted
0.946895714572938,42.90239881877503,10.154545263850558,1531.4494348049916,normal,trusted
1.1753414640064395,43.23663711708922,10.413362254918773,1519.4815832987144,normal,trusted
0.923334658210799,40.04195566559588,8.746258327531642,1503.1357468578951,normal,trusted
1.0695473370971773,36.25804759091749,9.277994794845366,1470.7802096529974,normal,trusted
1.1036593616437826,41.79504114122465,10.482349555004177,1529.238194786578,normal,trusted
1.7461936615122915,76.48041404692383,21.849823109779187,1364.2333405925497,overload_fault,trusted
4.052885505884421,56.42614025041004,11.584507335760804,1414.8072483139854,bearing_fault,trusted
1.5900883856045078,39.935734577095545,18.865501368959542,1416.5898003129473,overload_fault,tampered
1.0565363552079916,40.54394265358426,9.120273323324527,1494.0356619967756,normal,trusted
7.855785293666848,31.494577821970594,12.47442943984342,1446.2160057232456,bearing_fault,tampered
3.3537787239962955,57.28758787806697,11.62857387230536,1521.7141411951745,bearing_fault,trusted
4.995469395866176,17.567333168574237,11.172528134676279,1491.731262858171,normal,tampered
0.9194631667124102,40.1851139021511,9.97336420838645,1466.9451992558918,normal,trusted
1.0268314658529618,42.55385672453437,10.935630517835108,1483.9671369416155,normal,trusted
0.8859973534107303,39.3237056523157,9.637249361305125,1553.2595158457937,normal,trusted
2.9404358874328267,32.1244152366425,22.235113699804618,1476.2937261341747,bearing_fault,tampered
1.0022073058685583,15.889149060350263,19.23323271544379,1461.6612208774386,normal,tampered
3.597481967485943,36.74479749099281,22.088926870438044,1467.717458966003,bearing_fault,tampered
4.046759106030356,54.38063672586368,5.581864934454211,1117.538418315166,bearing_fault,tampered
0.968032350976899,3.711151625527407,9.551738213736186,1493.420031446912,normal,tampered
1.9883734969933036,88.16519384748479,22.440201323759524,1409.1393015867322,overload_fault,trusted
3.9297603997730937,18.105174856181293,4.8086803999438406,1515.576411939162,bearing_fault,tampered
2.8593162403365753,56.55692560615253,13.058814467132795,1424.4790246697912,bearing_fault,trusted
3.49846871697106,52.74412026366455,12.246853929131216,1482.4101635366628,bearing_fault,trusted
1.1586563072894172,76.98757838934384,3.8769138930842715,1482.8551726993796,normal,tampered
4.343879776320056,57.31276503553438,12.741366530930904,1448.5487967766003,bearing_fault,trusted
2.3449111348903466,72.43124903065313,21.40334903848419,1394.0634211873626,overload_fault,trusted
2.334609650567735,77.50669923528027,12.763277770423457,998.3454832347138,overload_fault,tampered
0.9770387215965928,35.311346963980455,10.054137006450167,1477.444048229105,normal,trusted
3.432229462829808,21.954037399469847,4.988089149114181,1387.3255502102415,bearing_fault,tampered
1.9912836091323647,78.72110305655856,19.597322953656317,1436.931580859968,overload_fault,trusted
3.459633723622626,60.955267378212376,12.07909982054582,1518.4770556672509,bearing_fault,trusted
1.747723829941931,83.40815149648135,17.19431427640657,1359.4344670128555,overload_fault,trusted
1.8274351677047445,70.79081824621842,20.810767566899433,1427.993824900377,overload_fault,trusted
0.9246894956275696,38.52503315510355,10.483833266040454,1445.825850854103,normal,trusted
3.834403950509249,60.5482538160314,12.492591551644873,1495.9287610204572,bearing_fault,trusted
1.7242129274869222,75.77577238267547,20.556026514486735,1456.463073122625,overload_fault,trusted
2.227638869449448,82.46760825727725,22.359103924691357,1259.1501250137508,overload_fault,trusted
0.7980556274061035,37.053941740509096,11.909561439659138,1455.9205426652854,normal,trusted
1.8654093341430908,53.78619902676883,19.271664325456474,1043.6269246397972,overload_fault,tampered
1.0326843706329087,43.375131765124074,9.127642197959618,1507.2712709164944,normal,trusted
0.9492042025547015,38.77483411823582,8.894440774909095,1526.808440845418,normal,trusted
0.8061209992815186,36.14081999474891,10.486761389143743,1508.9772192455239,normal,trusted
3.4107389895353117,58.20927237891239,10.937892891242894,1420.4294048799836,bearing_fault,trusted
1.0576172084069932,40.731257441204946,10.57988373724496,1543.1502310158153,normal,trusted
3.15840889020814,52.96480887857445,10.891959453553829,1503.4533078575218,bearing_fault,trusted
0.9822965583711577,35.74694748952129,9.531158688019554,1530.5191424901652,normal,trusted
1.018184895491832,36.31969379634509,2.8242706624491536,1132.4924799435307,normal,tampered
3.6415678554690403,56.17047877431273,11.975805111768645,1537.856373775569,bearing_fault,trusted
3.474109428918873,58.73979232712396,10.362380697055801,1468.9674583667766,bearing_fault,trusted
1.748740377668153,77.71100890625776,18.90389542305079,1416.7545968710087,overload_fault,trusted
1.1499598320452533,38.8238806123878,11.255998787999157,1498.1951256183324,normal,trusted
6.971196393117024,59.74763633804857,19.398131677008323,1473.5461008212599,bearing_fault,tampered
1.8243769334541429,76.07977347274974,19.771932379158727,1381.7480073909212,overload_fault,trusted
0.9201388351253567,45.261073080103245,8.06871371917517,1465.9933429445464,normal,trusted
6.751184931202896,58.37382707947436,3.3168550220517776,1573.6816957744359,bearing_fault,tampered
0.7539793478762773,40.00897987359987,10.073883230603567,1541.2634102507077,normal,trusted
4.251475973679822,45.50034637958802,12.80978476027822,1470.0238593389895,bearing_fault,trusted
0.21383365899062978,61.58232602155204,11.484759755868101,1788.3356673875785,bearing_fault,tampered
2.018760023850131,79.90242271481307,20.262927812965888,1390.4298992902943,overload_fault,trusted
1.1029571057508585,38.245377595201,10.225564693915326,1523.1681656300682,normal,trusted
3.847248071565066,55.99478091290455,11.024471820985259,1447.462147956216,bearing_fault,trusted
-0.9861108222167982,82.58940333160956,26.767350372151693,1443.1910299008034,overload_fault,tampered
3.561769327620929,89.59101404313573,19.412992840172755,1471.7679069706749,bearing_fault,tampered
1.1005751881473258,39.736369772753136,9.848355590768577,1443.2326205609427,normal,trusted
1.1194841663079909,40.962548938973825,9.646471986336248,1454.4377091905271,normal,trusted
3.6420046750928914,55.14326971066071,11.908151924774922,1848.037486109633,bearing_fault,tampered
3.3889966815640267,50.3100377821521,20.271166296836775,1951.0078115556878,bearing_fault,tampered
1.0767551691397481,42.427363932970735,10.967411654740301,1449.0055102726556,normal,trusted
0.9008524640363257,41.283389194741396,9.734265176128796,1544.2805980920914,normal,trusted
1.1474073242001261,4.09907522529106,9.690843390218866,1870.6808725722074,normal,tampered
1.8175197275862505,73.05101653945445,20.21745405546174,1429.2556303115744,overload_fault,trusted
0.8916487386295568,35.9057750433953,9.884572497183797,1467.046183921957,normal,trusted
1.3486080603088488,37.133124497795805,9.692359911985667,1510.1921820396024,normal,trusted
3.108958487584193,70.96774001034655,13.862492172052372,1498.5328060235565,bearing_fault,trusted
3.788709106485597,60.35427247206762,11.584271285657971,945.2350875475834,bearing_fault,tampered
1.128066689988638,38.7635518646291,10.52835405323875,1480.1297249861555,normal,trusted
1.5390278462930738,73.88251819188329,17.77051253629982,1453.4118661148905,overload_fault,trusted
4.390496412439567,48.136478879030825,12.27029494670783,1441.3133347807282,bearing_fault,trusted
-0.05700499785746915,60.63728654573494,12.023784659433856,1900.657634528175,bearing_fault,tampered
3.5429177008742543,61.36364689248873,11.46006082140726,1489.1548715686545,bearing_fault,trusted
-0.4239115284303434,37.66921201759699,16.3287742227184,1359.6990608954911,overload_fault,tampered
3.153044516966301,52.82617029724707,17.956341913826872,1466.8462289537554,bearing_fault,tampered
1.111395638988218,40.98102960636795,10.090998522788915,1517.2643727843686,normal,trusted
-0.13178980499208004,19.39551066172797,13.239778308607034,1487.6550188586461,bearing_fault,tampered
1.1497539982071319,40.531784100846565,10.406182761310601,1495.623445444904,normal,trusted
2.092359750419294,85.33425757599677,18.69636896078388,1429.832700765495,overload_fault,trusted
2.0863463024956665,91.15309501293774,15.329019896855755,1748.5543823351838,overload_fault,tampered
2.3473979157738762,78.41813627436655,19.504889655458275,1379.4489596887297,overload_fault,trusted
2.7468460040320273,60.01761173726961,14.150219214422728,1525.2731020619906,bearing_fault,trusted
1.0888017083565202,37.550274677633276,9.718187972040184,1519.417878260386,normal,trusted
1.0331529015194265,41.838896141423795,9.354974543452252,1479.8155528875375,normal,trusted
0.9215024271918644,39.995822045669954,10.070370317064802,1542.259875990892,normal,trusted
2.316535619479466,80.50140743450304,22.212584070846418,1425.962204569863,overload_fault,trusted
3.286341682903959,58.829776574510255,13.115402663096946,1573.027527690559,bearing_fault,trusted
1.0422107690079043,41.36507116104256,10.542819161120022,1490.5018227473897,normal,trusted
1.2074794409062843,40.0753861336481,9.119470988612512,1537.2473321100304,normal,trusted
2.758069114506786,59.926538353564595,20.593139530543972,1910.5076673050562,bearing_fault,tampered
0.8716297106452372,41.711611108415454,10.797243907598723,1508.0735305833218,normal,trusted
0.841980374673011,33.21875572798644,10.726714637813844,1526.9744573733167,normal,trusted
0.859412004540959,41.31253674585961,10.529102551913367,1583.7436853056383,normal,trusted
7.007239097642658,55.95182085542153,11.50553744269397,1125.3832157142767,bearing_fault,tampered
3.4915140361130694,55.97571833829076,10.786397221860858,1475.5072045622167,bearing_fault,trusted
6.040686820253514,57.139452842758146,13.369625869034605,1126.080179638789,bearing_fault,tampered
3.32244228748589,58.74913849267847,3.615016878674254,1767.5319383138906,bearing_fault,tampered
2.098305106108383,92.16082349794522,20.821916050086948,1487.522351564012,overload_fault,trusted
1.7042066949742256,82.76239397837867,21.5540678769719,1388.8180309320974,overload_fault,trusted
4.386004076660992,53.07165546632929,22.078893416709086,1387.1026240958286,overload_fault,tampered
1.1337510933492851,39.48530646935095,10.081805327717932,1527.516974402852,normal,trusted
2.9672955739951767,57.271694634012825,10.109006190096725,1419.4369978702507,bearing_fault,trusted
0.8123826462557574,37.85537031430747,9.769371633498144,1476.66372024276,normal,trusted
2.26960471474436,82.9234295880894,17.841348783287053,1386.655670510776,overload_fault,trusted
1.506129707649559,84.89044648492404,16.71084643623719,1341.254695708786,overload_fault,trusted
0.5912964103285439,53.550891818906756,12.101313193721326,1161.1436856803307,bearing_fault,tampered
2.9334729189585915,63.490741260938734,12.273988472872999,1481.2833278960097,bearing_fault,trusted
1.9619943040523844,79.45237848827843,20.441365335901487,1320.2860485484687,overload_fault,trusted
1.0588728282947066,78.14583677964438,9.890218638530996,1447.5661380423185,normal,tampered
0.9564335384121914,36.66668529724733,9.569750922914288,1507.6104145356142,normal,trusted
2.2208046329429885,80.83631776421265,23.392047237188105,1321.0381154437619,overload_fault,trusted
2.324823747586825,72.29529632758695,16.52708048466539,1460.3750296075832,overload_fault,trusted
3.492410057013156,57.28213676680918,12.907595569308995,1411.8112376392894,bearing_fault,trusted
3.404629027301864,57.09774986436417,14.06937115162889,1478.145249152888,bearing_fault,trusted
3.6453589919928056,55.73779830243642,12.74667630390893,1503.475584317152,bearing_fault,trusted
1.977090650170485,85.7287033069862,21.5237141632788,1385.1366858530894,overload_fault,trusted
8.070366816533646,37.483191083405174,12.643585379433127,1505.3969880597203,bearing_fault,tampered
0.9592889819339182,40.07006594834367,8.971095970632968,1421.5010332436348,normal,trusted
0.9173953261323089,41.128133108867836,10.086027344042908,1564.0834001064798,normal,trusted
1.0625400706878536,38.048309138783225,8.876166761911739,1470.0565741481998,normal,trusted
0.8078466475457375,39.96808397014542,9.371218713654915,1513.4668990471748,normal,trusted
1.7526789888841199,86.37054922392471,12.149468650292988,1325.1568747556023,overload_fault,tampered
3.1398731170567067,92.98547533201302,13.186874289858817,1778.4080443067805,bearing_fault,tampered
3.5968829710152015,60.59092441392251,9.400465501629762,1490.3278205530582,bearing_fault,trusted
1.9523670518579839,42.37775595151115,20.90511595560964,1371.690838757923,overload_fault,tampered
0.944939140822084,40.985103918494616,10.77680506876735,1505.3927997252104,normal,trusted
3.186478946757818,61.42477278327504,11.892499845569274,1442.4781886229398,bearing_fault,trusted
1.0195303678126006,39.82476626842395,9.917870327167494,1494.5886234483032,normal,trusted
0.8313802767187648,42.559697988607226,3.319282564238602,1802.9517261044143,normal,tampered
5.6673821597123135,71.67922945449746,19.843718669897832,1393.7607206146229,overload_fault,tampered
-0.9180899546917116,81.29984373976305,22.947918416976176,1454.804162168949,overload_fault,tampered
3.2500938553523615,61.60830979904745,12.832951207622685,1481.1777329270942,bearing_fault,trusted
0.869873431331996,41.84840400400672,10.515646729587184,1507.4011053327372,normal,trusted
3.799979700484493,30.25389240720014,21.16211840546334,1493.8410683976388,bearing_fault,tampered
1.1010184080268075,37.00644405026792,11.35726934637668,1494.268256355723,normal,trusted
3.1135438026790743,66.61544947386255,11.046924634770022,1519.655394212063,bearing_fault,trusted
2.0186858625471835,79.87764801893977,20.666596793719133,1452.6156064414868,overload_fault,trusted
1.561322327569632,93.3080937217266,11.711973360989127,1349.8689574199034,overload_fault,tampered
1.8837096889470761,73.74862370749639,19.621670212612685,1340.4942653243788,overload_fault,trusted
1.83318576474975,78.31106933196023,29.729483958013585,1333.5478159609268,overload_fault,tampered
0.8976347286911703,40.65169358443158,9.692959259433804,1481.249979453071,normal,trusted
1.5863573801659319,87.2627203871013,19.819209958313422,1419.8490524682493,overload_fault,trusted
4.557368565358754,63.1957191574209,12.85167987322905,1501.313509021205,bearing_fault,trusted
3.5099252270241585,48.66469909552518,10.891158618712732,1488.8559271736092,bearing_fault,trusted
0.9734156661123039,45.99254253341429,11.032823244147309,1454.727329923157,normal,trusted
1.0932805091274094,44.4160436994704,9.446453043060313,1479.4928626341946,normal,trusted
3.3069525264016475,57.680071721857175,12.753112300877776,1435.920840953678,bearing_fault,trusted
0.8304680939329161,39.577036307666745,8.91180524992626,1484.2680799580603,normal,trusted
3.603365027527142,48.440924201242474,12.4343925265848,1560.6932863702248,bearing_fault,trusted
1.1092121793927725,14.697666252162037,20.597477448507433,1536.373876337192,normal,tampered
2.6567558233418263,119.60005661292462,19.847419215276744,1853.03604524474,overload_fault,tampered
1.7624789580020839,88.38304102411713,22.857723908073226,1321.3662916854535,overload_fault,trusted
1.8723054500210423,75.22340769199961,18.29033411479684,1449.3579457212227,overload_fault,trusted
-0.2734282525072551,90.46197705462195,11.524487501612215,1373.7094955511068,bearing_fault,tampered
5.707311220833498,82.50203162019226,20.00051283361741,1319.3170555835623,overload_fault,tampered
4.520164376060511,67.2321992545572,12.221186485341168,1400.625239493782,bearing_fault,trusted
1.8792055525539395,72.399464773196,17.681300606000963,1467.9226657837264,overload_fault,trusted
2.8804291390277124,62.37870481880474,13.520953733391064,1468.8178756647615,bearing_fault,trusted
0.7303277733590974,44.549105940176005,10.675149513242685,1569.0268583180334,normal,trusted
1.0891905005444131,45.71518064219341,8.823107812492088,1502.4539605556627,normal,trusted
0.9624349256888554,69.7968427126533,9.924800980616972,1934.933371555598,normal,tampered
1.8458329613177122,72.39923785196093,19.38627252542232,1347.1298207723835,overload_fault,trusted
0.9056121069874997,39.35858632572853,11.00729187946779,1473.724638360721,normal,trusted
2.067679895167452,91.44914933481802,20.932403566278172,1430.314590987677,overload_fault,trusted
-1.9237501201845897,72.83294931204493,19.1948628502143,1403.9927275906105,overload_fault,tampered
1.6058225899287761,77.96238615844884,19.94470414553446,1505.430973532518,overload_fault,trusted
3.4750308263350114,54.76136178460843,11.269533741091049,1360.8341217779398,bearing_fault,trusted
0.9221128296350465,39.84823779569971,18.286767661093414,1958.8357260107337,normal,tampered
-1.8315835538278995,11.43034047433094,10.563718265776519,1445.220506192486,normal,tampered
1.1028152779079832,39.649359440774425,10.0837520239105,1491.4484900687164,normal,trusted
1.0578480202630631,35.91922490113202,9.828580045956429,1515.2338885009872,normal,trusted
1.0324411887138072,44.41886071656872,9.037842731279175,1511.6039593296791,normal,trusted
0.9660204005336193,41.33842301274302,1.1805901325129096,1506.2612099096814,normal,tampered
2.2733377532133057,76.67264609609353,23.40719891270845,1477.0098194686905,overload_fault,trusted
1.8763679981919186,84.55236250068056,20.980129266679025,1500.6458215911744,overload_fault,trusted
4.2150704567016035,63.052620101633565,13.775698032365714,1524.6751808586873,bearing_fault,trusted
5.063144242174868,20.845425646050657,10.479667615832302,1458.0209360961587,normal,tampered
1.0417250142941148,44.610896961752935,9.726277687414361,1435.4758403889452,normal,trusted
2.0549148802451405,81.17845694435893,18.27884462637242,1353.604966301827,overload_fault,trusted
3.4190715529132563,65.85697498475385,13.97289585478048,1426.7237700560881,bearing_fault,trusted
2.1544832291215723,82.6097969319506,21.409176958968967,1360.2759576301205,overload_fault,trusted
3.565665949839283,62.0967046008722,12.465289875398339,1424.7191257647949,bearing_fault,trusted
3.576913406416341,57.9499155244185,11.030947523810203,1406.5800039540609,bearing_fault,trusted
0.3470824822668104,23.60355177088981,13.68488302258254,1496.9782645529592,bearing_fault,tampered
4.2992300425036,51.84026388957899,10.7384249376022,1451.1866416958485,bearing_fault,trusted
1.5368757438661111,73.06031867500622,21.7981189042317,1408.8200016129392,overload_fault,trusted
3.7524114408726024,50.474360286646736,12.71013635287654,1466.9140138923592,bearing_fault,trusted
3.263683392742461,59.737546549665424,13.796094645652369,1503.7149403609912,bearing_fault,trusted
2.9533602366262643,60.10725370277669,11.427433348378761,1453.4535170439153,bearing_fault,trusted
1.9141660454400384,43.60441335299541,18.49794836248613,1351.8631019456884,overload_fault,tampered
2.344202726822408,56.27127784165987,28.98698351482295,1347.935728129423,overload_fault,tampered
0.9628784152335714,39.91605263040935,9.775519642529549,1490.1975980591694,normal,trusted
1.0435915695097038,40.703786742680315,9.090957709685975,1888.0822866738856,normal,tampered
5.122037245788543,14.441816414929164,10.136764281750004,1494.2304466447083,normal,tampered
3.296438713099763,51.934830970756764,11.645236327644517,1369.0331250653244,bearing_fault,trusted
3.867095180509349,16.766030450450586,20.737542432987095,1482.7394513707184,bearing_fault,tampered
1.8496761591177404,73.28644511230213,20.621822535462545,1456.192828281452,overload_fault,trusted
1.9917918529866567,73.10395083923949,20.358702293498055,1422.1440273653,overload_fault,trusted
3.141151778310647,23.605619739386498,21.433316243162707,1492.693882583097,bearing_fault,tampered
0.9733332763481471,44.94218199280999,8.84641701148799,1505.093018186746,normal,trusted
1.0212459217011896,40.34554264945837,8.369111594742073,1890.5264185629708,normal,tampered
4.452301999808468,38.87561477562975,9.942947146299252,1447.5386652136451,normal,tampered
4.419137797418332,40.84626367250464,9.828915519204868,1475.354402184892,normal,tampered
0.778705545859897,78.15622465807122,1.7660123137587522,1475.651230816916,normal,tampered
3.6073339045533084,57.437150465160045,12.148958541242349,1454.603144902481,bearing_fault,trusted
3.3288904470639213,53.91576048812273,12.611354420258207,1543.98163419142,bearing_fault,trusted
0.6442565394590019,39.24669223588926,9.776258535093685,1485.6885318426923,normal,trusted
5.728364965054459,80.47695784293863,20.931073596079607,1343.389109603479,overload_fault,tampered
3.193882511929157,52.86136520008118,19.73958828642759,1908.507611466558,bearing_fault,tampered
2.59732380035745,55.8834022550174,11.271385637460714,1463.4142624271788,bearing_fault,trusted
1.631061402810084,90.92518940014162,20.041593019082136,1341.8728650504213,overload_fault,trusted
2.5577343311202534,64.19853453534562,11.264494292356963,1498.859462480941,bearing_fault,trusted
3.7587726525261758,61.764009114708855,10.871996791556475,1511.5105079956293,bearing_fault,trusted
0.930040733960312,8.848378568308142,3.44156391704448,1511.3212767832713,normal,tampered
1.0738702345433546,43.68082262930782,9.86485667494021,1093.3939525446071,normal,tampered
2.316330742281598,69.85052956263277,30.39872137672248,1802.6154643050445,overload_fault,tampered
2.098055524342197,80.54931117540889,23.017888044405282,1295.0050501263918,overload_fault,trusted
3.3568744751607142,57.35620712135165,12.747942228821882,1482.9588747171367,bearing_fault,trusted
1.8216624875608056,86.44769329558427,20.10915179588204,1367.3821239266317,overload_fault,trusted
1.9743230580167583,88.2925265867954,20.894507750891197,1480.5695202991378,overload_fault,trusted
2.0789368179741783,72.13825300118528,18.424427687901854,1405.3767384728367,overload_fault,trusted
1.2001465133343423,39.68432759724739,10.540115727915918,1468.3762943698305,normal,trusted
0.9454019823591064,40.6693660552185,8.963727052427172,1551.5694578504615,normal,trusted
0.9010622541170512,45.51216002646256,10.006625527966342,1534.843876485694,normal,trusted
2.403773374619642,112.67507081466478,19.030342158365425,1770.8104510954868,overload_fault,tampered
0.9985498419054079,34.007599921330424,10.044751480105921,1527.2835297270008,normal,trusted
1.0798462130767343,37.500889831611964,9.572150929425154,1528.536062526007,normal,trusted
2.2509803601339757,77.53112998913537,21.528557420024914,1740.1597479313539,overload_fault,tampered
3.671058777501634,61.111293741351034,11.089961110798852,1503.553287311554,bearing_fault,trusted
1.6756080630811283,79.22731456851753,23.008193758083983,1442.0738104107652,overload_fault,trusted
2.0431962077934718,77.85976114802465,20.573856032136128,1262.3103814975443,overload_fault,trusted
4.126410742468703,65.28893347355701,13.41733338343435,1415.6186341843095,bearing_fault,trusted
4.969673322491233,13.991558784422509,9.399441650796671,1478.6902182149124,normal,tampered
3.5099087844537573,62.849488468277066,13.18310540854807,1427.080168228571,bearing_fault,trusted
1.064573852440471,40.1565199559726,10.531482939391944,1499.7351446179098,normal,trusted
0.8126849976406669,36.45999766459822,10.312363945643106,1483.0253596508396,normal,trusted
2.719949791076843,57.72486016804852,12.832132161457118,1461.980957571164,bearing_fault,trusted
0.8205927003727354,37.10394641557371,11.234794284811642,1528.2991712360706,normal,trusted
1.7057711306965122,77.62975591275689,20.310670145172242,1419.3382444982628,overload_fault,trusted
3.3006025570521134,58.17105059166399,11.59299234568057,1460.8727416353,bearing_fault,trusted
3.4878769443203668,63.496758711438275,13.387721269670923,1401.466855620249,bearing_fault,trusted
3.7508294593311544,55.984630694969276,13.46957069576151,1495.817690549308,bearing_fault,trusted
3.611621457639018,61.195588865166755,20.569369086742093,1972.305145551502,bearing_fault,tampered
4.937153201611316,113.92701949476664,16.19518196152219,1381.751832942001,overload_fault,tampered
3.6391225338117485,39.01013641985237,23.56999539338114,1503.5343139934132,bearing_fault,tampered
3.1088285622660727,56.01102297087213,12.18086342465483,1455.8557156844865,bearing_fault,trusted
3.322180099222032,65.78008163474989,13.801642604346506,1452.2230148461379,bearing_fault,trusted
2.2172808016153236,76.69254889010269,18.053841452840853,1404.6896885883878,overload_fault,trusted
2.2489101847190467,66.98830921538332,27.263834435864847,1806.47255087206,overload_fault,tampered
3.916822884361158,57.369622318150455,12.057127613453561,1519.3733733370304,bearing_fault,trusted
0.6290688858670714,17.865899316132456,10.770599098015337,1479.670106103906,bearing_fault,tampered
1.8815975284583188,79.77534768713546,19.180309078207063,1471.3000088521062,overload_fault,trusted
3.421139288334774,52.626531491541165,11.47512149185796,1428.8342067671117,bearing_fault,trusted
0.9314636902768315,14.262837679013401,19.628470544615055,1529.6160712059752,normal,tampered
3.9212002009581806,66.86394961545523,11.426059836300583,1488.3072534673129,bearing_fault,trusted
1.7683525733273284,71.3566949970456,20.238586247081138,1357.1711683661988,overload_fault,trusted
-2.096686179993535,77.27333028280856,9.328915112389986,1512.5423427854912,normal,tampered
1.9474971906885161,75.20987945297415,20.694448999319196,1390.1499971522946,overload_fault,trusted
1.0013741550004784,35.298825249293685,10.521232496515168,1509.466988513857,normal,trusted
1.653595800948521,66.85985854086968,18.8002646427257,1466.1079826634632,overload_fault,trusted
0.912509939470767,38.416247088027056,10.462929307052134,1539.9073317627858,normal,trusted
1.0658486582636952,42.94443924792435,10.208603507312933,1501.8141234647496,normal,trusted
5.1982034634614696,86.72122878754409,19.69297850243327,1077.9410679053751,overload_fault,tampered
0.9746144076303366,72.72039622396525,10.675151256713246,1855.887203248894,normal,tampered
2.453965616434815,84.3501690709384,18.420543126326795,1372.1001368655031,overload_fault,trusted
1.838197966237512,72.91258916535118,19.129382957205287,1381.4415671250288,overload_fault,trusted
4.171441605992943,59.77310580387511,13.609164968827583,1496.9628370550995,bearing_fault,trusted
-1.7523326557211998,36.722337188849764,9.617918165333457,1180.9989978778456,normal,tampered
3.7200826081571425,49.82336434225431,22.41033448878341,1897.3552321074665,bearing_fault,tampered
4.342196507335469,36.44872270881942,9.626568649565185,1519.8439730854302,normal,tampered
2.248336084607944,84.74610096839217,19.015249625555334,1421.942945755865,overload_fault,trusted
0.8571587814197956,71.8667505350747,9.85666720542927,1887.0913763786382,normal,tampered
3.1575796465529193,54.72863157007834,13.04826437639081,1474.718846967385,bearing_fault,trusted
1.762241398012094,80.38956152562056,21.001933857942372,1342.9437699641287,overload_fault,trusted
1.6700416658540256,84.54304656493458,23.157912645291,1354.7598772445076,overload_fault,trusted
0.9111381015398656,76.84948364095787,10.82095173448549,1502.0682666558755,normal,tampered
1.0321253754812603,43.600918774777966,8.95055746737823,1527.5618946534935,normal,trusted
5.821692816489755,53.306398467857974,19.020373455065368,1390.4496974155013,overload_fault,tampered
5.137925220914938,24.288595923705316,10.71153076521962,1473.0975018263487,normal,tampered
2.1004928270686625,83.95474965603894,19.376639168332876,1388.2365616219856,overload_fault,trusted
1.0822898842329594,43.93607578665974,10.32398585513974,1494.6369163909626,normal,trusted
5.685593435617912,64.01867040602589,21.830431286876475,1335.6718440767297,overload_fault,tampered
2.3222370530702316,81.20082907568354,21.055278145331062,1519.929125857376,overload_fault,trusted
1.0565846227054168,38.06689863936093,10.23190838073472,1485.2103656020438,normal,trusted
1.0828582424881321,34.124225678808905,8.70795928753217,1501.276826446498,normal,trusted
1.9529352096442285,81.14378886164427,21.925668347098203,1418.59394497,overload_fault,trusted
1.0165889718470418,45.88145380234908,10.313608749892605,1523.6462321607567,normal,trusted
2.2006432701431966,75.31299202743027,19.08262990416773,1304.110598679707,overload_fault,trusted
3.5638184865009412,55.15640070438322,8.917080236943132,1037.6917873723103,bearing_fault,tampered
5.142596861863637,70.85867343507455,14.457780955875172,1369.9867471471969,overload_fault,tampered
1.0912159702451025,36.31600035753251,10.24306994051005,1519.611521238129,normal,trusted
3.669475377695231,72.00042967957164,11.444828275650247,1415.6274024900363,bearing_fault,trusted
2.127305332765406,69.54548045679905,19.480340241865484,1372.7897318972607,overload_fault,trusted
3.911123431982558,58.63620724486625,12.011123302881161,1509.6138128441653,bearing_fault,trusted
0.9491672072246994,45.58695268418464,8.514950746308434,1473.1738358030816,normal,trusted
3.3310267942919953,56.83733400276637,3.7123153302243814,1867.3930130549677,bearing_fault,tampered
3.822099525274036,65.69232657014263,11.32223029927118,1479.179975749982,bearing_fault,trusted
2.9345390034578354,54.39825981320326,11.458345740601105,1464.1703112997052,bearing_fault,trusted
0.9787027015487695,16.701512121059082,19.871765645741583,1562.4967262017458,normal,tampered
1.9732294290601764,84.73558910852742,18.558178669319222,1507.6844591875717,overload_fault,trusted
1.7098524449971133,97.29950237026542,25.37231228281325,1370.812934212389,overload_fault,tampered
3.8729107153545983,66.7013321368043,4.514532525374456,1405.6977824874225,bearing_fault,tampered
4.099104100822403,49.390243652266996,12.338272223827213,1507.832734267669,bearing_fault,trusted
0.986326305081415,39.02121398493088,8.58782374775772,1465.5914325319604,normal,trusted
1.4088700388589748,82.62439240471753,21.038696180415,1433.5378798684974,overload_fault,trusted
2.543213498875513,78.12664163331051,20.275988536662716,1367.8759773502557,overload_fault,trusted
3.1750939311298008,51.653977143186886,19.83257587317906,1400.1784498876088,bearing_fault,tampered
2.1693752339949772,76.39752665941005,21.256974065828448,1381.6437026319036,overload_fault,trusted
0.9664934896945979,41.37970079892331,10.269298965301875,1814.6581905177131,normal,tampered
3.7224839799129197,62.00678618177774,11.251242012380338,1447.1763760591118,bearing_fault,trusted
3.9625278166472016,36.69513451127722,15.803471799299706,1498.2203684011752,normal,tampered
2.3747688601160357,75.04446025626854,23.593861093527998,1378.780309139894,overload_fault,trusted
3.4266516524280495,54.61595849100652,18.85274057675685,1460.7428178445732,bearing_fault,tampered
2.327866267352272,75.9331969375511,21.59152493983847,1445.7350822541166,overload_fault,trusted
2.1190790984016847,76.86358399316103,19.50883905865744,1346.7342091815565,overload_fault,trusted
3.343193346727031,60.53302954839728,11.56796046048922,1533.0212601239,bearing_fault,trusted
1.0419220747072515,39.51160301010218,7.548976106950083,1469.99882586779,normal,trusted
2.4240422051586052,80.09385934001436,20.33182010358877,1326.6243730335948,overload_fault,trusted
0.8631806897048524,33.595918997569434,10.135579096954608,1474.5849459059775,normal,trusted
0.9186082671813788,39.442129968441854,10.527037894692954,1485.2822079797088,normal,trusted
2.7454175813337534,52.53076429351281,10.449748579714713,1529.0251489567574,bearing_fault,trusted
3.3273912830338985,49.18940993763728,12.715727281074772,1478.302884917525,bearing_fault,trusted
0.9289625430724024,46.06632685256043,17.228209245590925,1975.463679276903,normal,tampered
1.085658416377888,46.68782083166792,10.009022157294929,1477.9163441003755,normal,trusted
1.0086555409256643,42.9622154351392,9.189852918889471,1504.3309005043986,normal,trusted
1.159322335872123,33.25064866614518,9.47175990718241,1527.2954364382972,normal,trusted
4.117721570503314,56.498410134194636,11.192177614688507,1509.3108391118865,bearing_fault,trusted
2.405735113127705,77.772026381474,19.337828184475683,1324.1771288762957,overload_fault,trusted
2.1267552608893774,74.24432273095816,19.751858021893124,1781.0792497382183,overload_fault,tampered
1.0535837411235933,34.888021412168875,10.698445280074194,1499.9212414423546,normal,trusted
2.0987125363432777,83.44960613993979,21.615730115648372,1394.0544951314062,overload_fault,trusted
1.8615227002562191,80.75059301391319,21.747492910894277,1362.9055261337096,overload_fault,trusted
2.729982614229087,55.48149451443093,4.30809653451408,1461.0923565629241,bearing_fault,tampered
1.2458506781035945,38.90359121765732,10.158045026022004,1495.3090472716722,normal,trusted
1.8317851654198307,79.6959527413794,20.509157577976225,1406.2471740329943,overload_fault,trusted
3.361754589578463,57.76161159193064,12.266222984634561,1446.3213264303658,bearing_fault,trusted
1.0933350322514739,38.266317675767034,9.798100700012414,1555.148715725973,normal,trusted
1.5279085712293883,85.04211630447358,18.079380480579555,1410.3023537722142,overload_fault,trusted
0.8667483178702626,40.33118717683666,8.393685559356264,1448.0061294167203,normal,trusted
1.1634949892800255,81.25211240909549,9.360530828540021,1545.6515546431167,normal,tampered
1.161678788993627,36.89766658141087,19.02475536702434,1841.1329177208231,normal,tampered
3.4767821876285865,49.20094868231754,10.127824259129426,1462.8147562729882,bearing_fault,trusted
2.3601661996721894,74.14550751664966,19.675927567337034,1072.885785975967,overload_fault,tampered
5.981795904987215,59.57109972753726,20.639642231188994,1471.5797355470727,overload_fault,tampered
1.7586165631004067,71.86882384904737,20.265487107601977,1414.8535096370442,overload_fault,trusted
5.760880454445096,53.225453110321,19.168898697607194,1428.890246357384,overload_fault,tampered
3.292128799661139,57.99493383731692,11.27353039547113,1493.3626247291897,bearing_fault,trusted
2.726281554697651,68.76471311484572,21.538337533576552,1381.4892981678854,overload_fault,trusted
2.3510212971159743,79.79679314312399,19.45895116223429,1358.686427221442,overload_fault,trusted
1.9755301638708243,78.55783525693487,22.379284261677746,1483.8815510435247,overload_fault,trusted
2.7986154604666083,59.36547052815776,11.168113050336185,1467.5603043601507,bearing_fault,trusted
0.9946320478974559,75.77008349712926,9.92063061181916,1841.358995046045,normal,tampered
3.0081277310374372,55.6471375699454,10.118627517615005,1074.8492939904345,bearing_fault,tampered
1.074444687271763,2.630731759625661,8.588307158092585,1801.9432269150975,normal,tampered
0.7802312698941851,35.27314201848816,10.696658216293311,1534.259446943302,normal,trusted
5.880890515743117,52.28645770068145,3.2791868415129475,1464.6572710094836,bearing_fault,tampered
3.2034419979514768,51.47883867203379,10.60390080369312,1488.1896811208537,bearing_fault,trusted
0.8540127820742647,43.86533274795476,11.28338328374801,1485.9025970612815,normal,trusted
2.2993007340794076,75.83681941542456,17.585223225002093,1447.8534185154556,overload_fault,trusted
1.0413574271483264,45.50867751919006,9.792632592547934,1568.060922729108,normal,trusted
2.619734918546652,55.19849611550925,12.54398961432262,1467.045905481319,bearing_fault,trusted
1.007863909699606,37.80397620128286,11.103865863803511,1958.0614008663958,normal,tampered
1.6651883854400724,80.01083969569473,19.637903809299978,1336.8632294649965,overload_fault,trusted
1.7101452301285556,74.61264698140802,30.66542626425729,1876.0995176826439,overload_fault,tampered
5.539361783764059,83.74391024947579,19.9480910007041,1516.2719600406515,overload_fault,tampered
2.173848226380661,89.32678946973252,19.670269116149022,1433.7976089290787,overload_fault,trusted
1.9729130073950074,79.53362751030896,19.012719905618688,1429.9049385133774,overload_fault,trusted
3.182578650116212,56.336216508350624,11.894018200011214,1474.3257235226538,bearing_fault,trusted
1.7226200774197309,77.67838975283723,19.173538118721776,1374.5885428773831,overload_fault,trusted
3.8249450584532187,56.9989359518875,12.549337918446499,1469.6707740287275,bearing_fault,trusted
6.781480496048411,63.73094688832432,12.984302655477562,1399.0834488815888,bearing_fault,tampered
1.0281281071238435,40.004019540263464,10.726450274814388,1522.3565783586591,normal,trusted
5.668222720018726,66.54517610230391,18.242581828499166,1398.0048184316224,overload_fault,tampered
3.4198854638002176,65.31586750104249,11.498679807281722,1515.1348605202827,bearing_fault,trusted
3.3100541858057615,58.14875372329431,11.441848214104283,1475.7315287091703,bearing_fault,trusted
1.046204552518732,39.241355661046505,9.949193060449385,1459.0613399641454,normal,trusted
0.08416553687578787,62.744687471583795,12.758354233544402,1416.6537764858542,bearing_fault,tampered
2.140303513192132,75.4656413447536,19.9736423592025,1429.423256826723,overload_fault,trusted
2.327617107537892,79.39222245408422,21.74452862125802,1409.4970687341258,overload_fault,trusted
6.945351778027604,55.327352819683526,12.3868579343714,1445.069957435236,bearing_fault,tampered
2.173302688660098,73.8486792539186,17.562639024952148,1424.2647024994621,overload_fault,trusted
3.0520621974207054,55.38276678759923,12.021307490355111,1534.2172256207643,bearing_fault,trusted
5.9663393743299835,60.69555624415614,18.63285265570482,1365.6978447834072,overload_fault,tampered
0.9370702128434748,36.18443444649735,19.070556906350923,1966.1834980597612,normal,tampered
3.276873225382919,61.152126439900826,11.43622302100453,1417.2218015122164,bearing_fault,trusted
3.190095090409255,49.561447240783075,10.63161175926714,1087.6768336796708,bearing_fault,tampered
1.0592118385820435,39.70341065211314,18.897702415867926,1460.0935345497962,normal,tampered
0.9661582621677749,7.980755652877811,19.307441455294587,1509.2861188027293,normal,tampered
1.7598311201765489,36.95555020775204,20.419561112577444,1393.6163106414874,overload_fault,tampered
1.7374080858680834,82.82806456879389,21.716279425209706,1440.161921907868,overload_fault,trusted
4.891534485250295,15.021209485020783,10.226629438520517,1487.4118412466441,normal,tampered
3.861669459211102,55.29923222963764,13.326774600454792,1512.1393175759924,bearing_fault,trusted
0.9416430509112003,36.51271365958021,9.547489001315968,1427.0240096162042,normal,trusted
5.082914482017353,87.58468983638649,22.043971614510866,1357.460340605802,overload_fault,tampered
1.8647146219929702,80.32079732654717,19.268791827797653,1352.6119383351104,overload_fault,trusted
1.6676661655748064,73.6372421151364,18.806737734185887,1419.4873150666308,overload_fault,trusted
0.710809364104015,43.67810172973204,11.696914722106934,1496.8594230530935,normal,trusted
3.3325289797895947,57.709807360471025,11.417449856651833,1473.4112051081663,bearing_fault,trusted
0.9931654550543765,40.990869836849775,9.652240421021492,1536.8425546165447,normal,trusted
2.94770212501958,58.04465936555349,12.434919679519947,1527.4994863616248,bearing_fault,trusted
-2.4469333525556083,37.90224370550786,10.44027608112391,1483.251502683478,normal,tampered
1.0516361630749065,39.930298867448904,9.625618949340566,1504.957984408686,normal,trusted
0.8933443224122898,39.23811196585666,9.404911258323493,1568.2830218940342,normal,trusted
1.0422403544725158,39.08697818524624,2.8974273207876706,1496.0815108018924,normal,tampered
4.078818223206417,41.18551942844646,12.419025162097913,1155.4177285583344,normal,tampered
2.477421743516671,78.3640745822224,19.145951594460378,1354.600901629617,overload_fault,trusted
1.0119372967618887,37.97465814356961,10.728990435655158,1499.9608097300738,normal,trusted
0.7675794351255778,35.09361025462643,11.266263557418668,1512.4995036694963,normal,trusted
1.631735294710345,68.55951207953667,10.88660736269808,1092.3674601435018,overload_fault,tampered
3.375995666988972,63.252668249532505,10.51782950111948,1522.1593399842384,bearing_fault,trusted
1.0155291444275043,38.41944041203847,3.4431010562230657,1135.2060955301686,normal,tampered
3.364358181555395,57.572136601056876,12.873766254056196,1451.5294534032444,bearing_fault,trusted
0.9108785374358617,37.81901688277796,2.8402945402578936,1180.323909012516,normal,tampered
2.103172268747038,63.86421587117293,21.22005903420999,1210.5478772627657,overload_fault,trusted
2.3382159157801983,49.7878471803744,33.65179900327374,1392.080992759781,overload_fault,tampered
1.0279211453625645,44.30890526968987,9.533055714555054,1500.384401240384,normal,trusted
1.1202094477181808,39.21730053099745,11.183569715081754,1493.3764006201063,normal,trusted
6.141080390169475,55.40218356574755,21.98747653048129,1391.8322362771403,overload_fault,tampered
3.9496624900934068,62.95133248852472,11.738172806864254,1444.2725499970295,bearing_fault,trusted
5.106721550452682,24.219846600951932,7.968633666003469,1503.5315537301474,normal,tampered
3.0951208974037137,61.79666885729234,12.622295306058376,1568.1619107245342,bearing_fault,trusted
0.9461346855663538,42.18061859108927,1.0205572719661902,1498.1395229175585,normal,tampered
0.9712773247032371,34.35760471607783,8.929294070940925,1440.098439409434,normal,trusted
0.8957143302562262,46.89876727911196,10.265596394765547,1484.5407872039452,normal,trusted
5.85079298088737,59.16662842032119,22.096955362376058,1370.347610296246,overload_fault,tampered
-2.2058256918844728,87.1299479822817,20.215663502395582,1344.034451953983,overload_fault,tampered
1.6260237517871432,77.59493375408965,19.621513915112995,1800.4035391707118,overload_fault,tampered
0.9656532460191197,39.74965365032022,9.164844742825085,1517.038649150225,normal,trusted
1.1013262228582383,38.9092501290796,10.637235224415997,1526.9463593446167,normal,trusted
1.006378641709344,44.3353778707796,9.70337746443035,1499.3034415182694,normal,trusted
1.7147032643401627,77.23670525484076,18.847378097766452,1475.8693195140117,overload_fault,trusted
1.5676299999907943,83.12767917038657,21.272601584305693,1317.767077383281,overload_fault,trusted
2.3855670850765387,85.19190953911134,18.079729241374366,1370.0716448004773,overload_fault,trusted
1.6460307905711744,81.87915447515694,20.30881115987391,1437.088594061556,overload_fault,trusted
1.1045714533537827,49.536561038102604,9.904664930137663,1486.8363533304146,normal,trusted
5.445226055912887,54.32652275816909,18.284773481527303,1442.1199622943825,overload_fault,tampered
-2.2071928017348537,44.64617667538859,3.6575497608869405,1554.1063767922526,normal,tampered
4.6153312183344255,36.85837371976889,7.910243361344532,1509.0193502446793,normal,tampered
1.1620750145143188,39.961183695689236,11.274329671298247,1501.3759573108505,normal,trusted
3.510825141172236,62.03548557827481,12.211982549771612,1463.71755456904,bearing_fault,trusted
1.046166797750228,42.3702266484167,18.836051732616898,1938.7462475371126,normal,tampered
0.7658757773615397,43.861993334815196,9.750115646675305,1469.69210406587,normal,trusted
1.8211223848925848,83.39456103973531,24.43750200403723,1339.2997555752372,overload_fault,trusted
3.2901447527113215,56.3447473426396,10.501854615584676,1570.7076885744154,bearing_fault,trusted
3.588694318836646,53.87354911881333,2.976688719234108,1408.2824486350132,bearing_fault,tampered
2.171572239699631,77.58301827128103,21.24319307024102,1503.209363077947,overload_fault,trusted
2.1713621810451347,85.18388840572334,27.553763427701217,1888.9157863900293,overload_fault,tampered
1.8896830137573202,82.5057378299351,17.650719843619285,1407.9633338182332,overload_fault,trusted
1.9253999323677917,77.85338259080207,19.174714137208284,1318.1926513850722,overload_fault,trusted
-2.5267386610908655,40.95866202017008,9.808401091530603,1527.9619524656857,normal,tampered
1.0889538120382025,19.00913837363047,19.98592165659549,1528.632453264607,normal,tampered
1.0750102241497785,41.68993922054928,10.010684473234939,1461.1918958771687,normal,trusted
2.8613255400595436,57.912358758589114,11.980295144154598,1423.6668717439165,bearing_fault,trusted
2.692885188485008,27.15679123217801,21.250975100738458,1452.4339258555833,bearing_fault,tampered
1.4885404597587426,68.72921456933015,22.85519044973172,1378.9287512368717,overload_fault,trusted
3.198902919276411,63.35656422186304,13.52745234597951,1033.7178019984044,bearing_fault,tampered
1.1261878817075495,62.34649772984425,11.866252178241323,1736.9904250092698,bearing_fault,tampered
3.908696230594219,39.83363987557625,3.3257038425666217,1463.2267635268397,normal,tampered
1.0227812071404931,39.927107848687555,10.26803389402993,1504.1693375278196,normal,trusted
1.034694327842798,38.914502388746975,9.594717843223037,1481.271949631815,normal,trusted
1.1159355617204927,42.15727913826501,1.5667197588528623,1514.2148039146905,normal,tampered
3.8396338676929207,50.95315306220729,14.269612569285197,1472.5205231868601,bearing_fault,trusted
1.5934629800885083,74.34107737056827,23.431961562102043,1481.8015370002154,overload_fault,trusted
3.528967096282267,46.2241505741085,12.133413081570822,1515.429396924123,bearing_fault,trusted
1.1043713424597947,39.618240073044134,18.47596196654144,1513.2286919111925,normal,tampered
0.9634626630704167,39.267673844433695,2.957910325555689,1207.2748824319583,normal,tampered
-2.413918185086959,37.01568064291406,10.358647764605104,1465.3781479929262,normal,tampered
2.0771827745272624,81.80371759925717,23.25905993542988,1402.278375552857,overload_fault,trusted
3.951940635522968,68.09132771896093,11.246953260806777,1387.4145565599736,bearing_fault,trusted
0.8156473223146906,35.968303264926,10.485642747816442,1157.4756592175643,normal,tampered
1.913808385297967,74.65890424906118,19.329042789497795,1415.9573974132666,overload_fault,trusted
0.9154392084556141,36.82515684748709,11.771322092633529,1477.4753606267273,normal,trusted
2.2292142919474243,74.20923196243744,21.261118050385953,1486.1146310124038,overload_fault,trusted
7.5892169057312,42.66709402091583,10.551606626865162,1505.762266453799,bearing_fault,tampered
0.9940088906816497,36.58171299672527,9.391847929104875,1418.5515071069142,normal,trusted
0.9477511032467245,42.33282859083561,10.366847308969735,1483.5212419778563,normal,trusted
1.135476675126507,37.31696186176741,10.867612128743973,1466.469593975457,normal,trusted
1.9827757835217494,78.53976246928926,18.558082366543008,1405.3982970005734,overload_fault,trusted
5.902897795729189,91.76103193995519,20.933819603823594,1448.1016816324216,overload_fault,tampered
2.3254953605251876,81.34625785778209,21.20107974551166,1396.6917857070143,overload_fault,trusted
1.1684585670479868,40.68631008678681,9.977585772083405,1476.3313655922734,normal,trusted
2.1756736309318696,77.41848858222441,18.757609406608765,1392.4039122280271,overload_fault,trusted
0.8072491818045542,75.13860982744487,9.483522718033862,1113.0314252567182,normal,tampered
2.2266855119191824,67.84612908411081,11.935299918450477,1543.778580708634,bearing_fault,trusted
3.8022182591009126,58.984896522963,11.809588242989955,1416.6886139341475,bearing_fault,trusted
1.1377375192880277,41.973664031299535,10.677043249846184,1549.7569442328772,normal,trusted
1.9271252865124682,77.571343536034,19.043028880953116,1405.6151894191075,overload_fault,trusted
2.7950223385225126,61.71413669977777,10.667802286708987,1535.8475548532078,bearing_fault,trusted
1.7777468880713447,105.64372341268637,14.391586929998706,1468.550059021191,overload_fault,tampered
2.329188344981036,74.04265263814338,19.63032839012285,1401.1718606795816,overload_fault,trusted
0.8455092902471163,37.42238194427329,8.369817193812226,1494.5252482299845,normal,trusted
1.0013734526909759,39.64190140216937,10.547230330493905,1524.1531995311389,normal,trusted
2.5815590038942364,57.847864175486784,13.286766003957055,1468.2457754297611,bearing_fault,trusted
2.1654884186271017,79.8331860525385,22.211011595183514,1367.6178794612556,overload_fault,trusted
0.9935460939018015,37.863693874363186,10.879353244438251,1513.6163156651817,normal,trusted
2.0540388331417434,77.75195042186938,21.95574016078451,1394.0994300679276,overload_fault,trusted
3.676113482205119,63.295593301040924,12.329317731945434,1523.6783721728718,bearing_fault,trusted
2.437585054189105,70.885276718294,19.723289322390926,1465.0232093542345,overload_fault,trusted
0.935985718340233,37.26566913058813,10.187438688301517,1500.4632835480584,normal,trusted
2.3109915753773036,81.56074242791209,22.319970774975914,1385.342790827923,overload_fault,trusted
1.710583830427581,71.70661256221292,19.54726073322622,1004.9300391195927,overload_fault,tampered
3.006200661012387,66.61946914061932,12.04276756530796,1416.1854617277809,bearing_fault,trusted
1.0225568304983326,42.87877157725022,9.50705993266038,1498.863398662889,normal,trusted
1.4600103601056647,63.39756654941134,29.798877599795443,1522.8796074454328,overload_fault,tampered
3.857659812888186,53.74900183197069,12.948895481083506,1459.0049973926848,bearing_fault,trusted
3.3080382535586725,61.53190073212293,11.986776424151442,1512.4149813679603,bearing_fault,trusted
3.314213138683618,56.453421989727445,4.836198115680869,1403.747822287484,bearing_fault,tampered
0.8573484334812579,41.24137695157064,9.576582154640086,1487.0003792371276,normal,trusted
1.9401709960041085,79.25845460014497,29.76367903761288,1750.2408709104423,overload_fault,tampered
-0.1857188079997667,59.84463080463108,4.367105354739076,1423.999049963583,bearing_fault,tampered
2.3199300763592974,79.08030282841425,21.95688876118996,1454.8249361012772,overload_fault,trusted
1.0271031803579862,41.125324491262575,10.963606041284924,1887.6416284003767,normal,tampered
1.8682569216374607,78.52032824118918,12.808878870387122,1350.7210530899108,overload_fault,tampered
1.2068398864939955,42.61166682825918,8.673331547534204,1470.8358092961964,normal,trusted
4.4022996021616665,44.44135910179206,9.800102192731552,1498.328588352901,normal,tampered
4.90451853899953,18.875632541845228,10.461031353374569,1508.402502942473,normal,tampered
0.9758674414577404,36.45556279621354,9.755104761232037,1520.696225509837,normal,trusted
6.245709027017716,56.47471469645309,18.13782205617151,1399.732385497829,overload_fault,tampered
1.0915511778804323,40.76772055031267,9.635075043107713,1430.921106325699,normal,trusted
1.156720209004819,41.39010941809806,10.647355785482539,1465.3112789544427,normal,trusted
0.8159366314100635,41.84229753133787,10.857043631143693,1461.078451097428,normal,trusted
2.3609774669050365,75.4946341613338,19.85393012369435,1509.242186199478,overload_fault,trusted
1.9381964163869503,43.10515235129455,31.422419061328053,1381.8241241845938,overload_fault,tampered
-1.9877815264276042,36.35599501807432,10.233450213941047,1793.2031434406717,normal,tampered
1.9614682343296894,77.13107353194212,18.729805607229665,934.531135093179,overload_fault,tampered
-0.2753661514568826,78.09169427489296,21.758355702295663,1074.1319365936727,overload_fault,tampered
1.6862925497331331,71.17928105367777,20.60277117059722,1339.4417587814582,overload_fault,trusted
1.1123680500417576,41.68857376054717,17.852709654306267,1472.454930578461,normal,tampered
2.2461664820814016,84.56671650783328,22.206386678757962,1321.1334444280776,overload_fault,trusted
7.90509098418492,36.938308973953674,10.798819876973413,1478.7750030225461,bearing_fault,tampered
3.5743731315165075,56.048178377001676,11.8097770816769,1421.9138067292934,bearing_fault,trusted
1.0442500940898998,38.79402225961238,12.331395718732336,1473.9255971446025,normal,trusted
1.9728181152016468,76.37573747377334,16.733468572856992,1342.4069498540894,overload_fault,trusted
-1.765385837295402,81.09393627664083,18.891782120290024,1400.6505245524236,overload_fault,tampered
1.0244065888743932,40.98053041116407,9.245856068374927,1556.0016548461863,normal,trusted
1.145502260419792,45.35595518267418,10.867669113171075,1476.4853291083577,normal,trusted
4.643134464760096,119.98947083255025,18.85362778402243,1481.5137970788028,overload_fault,tampered
1.8042118018796447,76.67630197983367,20.253852973987016,1369.7461989877388,overload_fault,trusted
1.9653518156943994,46.85886443550034,19.33539631684826,1389.9247140487287,overload_fault,tampered
3.2741839809171127,56.79664860682139,11.575844741769057,1425.0482466985566,bearing_fault,trusted
4.019873458027918,69.63982021846527,10.364809745687303,1456.0055713620727,normal,tampered
2.0610779023651933,83.44031657724109,18.48517184589171,1292.5627510848844,overload_fault,trusted
2.649203803497156,14.23895134178472,12.41102266754258,1442.6281190305272,bearing_fault,tampered
1.1271068486675584,40.71580237278533,9.853361954858192,1492.7743984556312,normal,trusted
1.0273873996166687,38.90668524320662,10.539035514934206,1494.5703404086792,normal,trusted
4.247584283654819,29.694613350745428,22.663718743685422,1461.3037496925674,bearing_fault,tampered
2.9236132294208366,54.37091652633388,13.07843607640868,1484.6483461277671,bearing_fault,trusted
1.8956834314471263,72.09033890490893,21.626505510379168,1371.5420123914282,overload_fault,trusted
1.9971454443549583,43.57111910481562,22.06229720856237,1366.807284647807,overload_fault,tampered
4.067030409712807,68.1998208003598,20.560298343560103,1933.7486433694849,bearing_fault,tampered
6.275318811832657,94.04208930931891,12.054513186309656,1469.6085733496025,bearing_fault,tampered
3.556006336934669,56.816972377758354,13.028068019960322,1473.5731716838072,bearing_fault,trusted
2.2119357970339006,75.44914718409737,22.239056910913963,1444.2754116010951,overload_fault,trusted
0.9605296155599947,32.99746887336909,9.978435330851834,1870.7616898903186,normal,tampered
0.8845490660390047,41.7806640847167,9.843196561723987,1520.0284847065545,normal,trusted
0.9585811759308522,14.317738107733028,19.45180575425678,1562.3363460734804,normal,tampered
1.6701199136360279,61.64237032159953,29.52304934809443,1400.0813995152766,overload_fault,tampered
1.5876518076076909,87.00344786612975,20.0880807383668,1383.1822661786457,overload_fault,trusted
2.2984907582481404,75.19385744056213,13.582341089108763,1787.0029703834107,overload_fault,tampered
1.0629408850343303,43.3625219542095,9.75602142502952,1497.4800492646075,normal,trusted
5.085322905494792,73.50850277825005,20.66130401967205,1711.1817927859104,overload_fault,tampered
3.473866312034391,57.055655753477616,12.850487203201908,1394.98171893645,bearing_fault,trusted
1.0697438574393103,13.113163935201676,19.64170687057883,1465.4557085471374,normal,tampered
3.9026976151552137,56.708398213644415,9.87636254095707,1436.8921464069695,bearing_fault,trusted
4.7310102245403565,70.41621574461142,20.83175612621616,1108.102886710157,overload_fault,tampered
3.1266119315700625,54.40526484065218,12.120160933379044,1471.6033371070755,bearing_fault,trusted
1.885254980519653,82.13434090184286,28.75543558004097,1895.4308193622524,overload_fault,tampered
3.9178778871184265,63.46435809046356,12.041366163680873,1407.7269077769486,bearing_fault,trusted
-0.754718978193476,74.33546456124714,28.786187735769943,1386.6825327501342,overload_fault,tampered
1.9649221874664027,83.44204574597998,18.283091334426707,1391.3648727975353,overload_fault,trusted
2.572155254588891,51.15754283238807,11.025217591151346,1520.7971008315128,bearing_fault,trusted
0.8841859885321154,44.85062319549582,9.059039746685254,1512.5634754228015,normal,trusted
3.372152544192672,54.04805673158888,12.85939609049042,1530.1373131844364,bearing_fault,trusted
-2.574575436109333,39.40350519106338,10.288958307243197,1512.5899024616438,normal,tampered
5.631955401575029,60.8718619879707,19.16387237902559,1442.372569291207,overload_fault,tampered
2.125389282754849,72.24820964597589,18.719521932809442,1444.1147230820256,overload_fault,trusted
1.9355760006200842,79.12304640369128,28.037946829849176,1872.3911637697333,overload_fault,tampered
-2.2531940776255963,6.832523093410067,9.615266667060688,1481.918133330884,normal,tampered
2.877870784318066,71.0555133919392,12.172507188385074,1419.1757399689059,bearing_fault,trusted
1.611908263208033,85.10363474335101,21.047727735589632,1449.6136750473363,overload_fault,trusted
3.257874624256079,64.07360737248891,12.995765831663531,1528.907742672573,bearing_fault,trusted
8.00810618993862,33.604513882429785,11.504662830981305,1467.0611970525533,bearing_fault,tampered
1.0479729072068125,41.43662661556139,8.609828323890294,1480.817447336431,normal,trusted
2.3287856821092747,118.12417590547817,20.348664641008956,1362.3028757903487,overload_fault,tampered
1.5715530068648151,69.28492969795849,19.11683971943645,1451.4643055142697,overload_fault,trusted
2.208607010293336,72.67624972703507,19.127452908845605,1443.3053591544358,overload_fault,trusted
0.8815771505886115,47.33539043517675,10.53769145207715,1471.0616813112424,normal,trusted
1.0885018682160503,44.76482832144779,8.13970290010057,1516.9558703736948,normal,trusted
2.8672594618120115,58.81045904279421,12.078925212683226,1488.8181612714045,bearing_fault,trusted
3.2747570981297525,48.254807155410376,11.930573633181115,1480.4510966725736,bearing_fault,trusted
3.6557400890346456,52.47397579591241,11.542098705864412,1484.9282543274992,bearing_fault,trusted
0.8588062336684837,43.74627331723152,9.902555820757334,1507.3687134776237,normal,trusted
1.163517116776401,42.763452239184375,10.463425577056746,1452.4607811799424,normal,trusted
3.575413024242335,52.30868007862393,11.518245352635413,1462.216280418077,bearing_fault,trusted
2.046879329461463,76.42243653686633,22.243948939732597,1372.9648225494036,overload_fault,trusted
2.72292764710123,97.17504124932412,10.887847093923842,1426.155287852239,bearing_fault,tampered
6.661621638538748,38.37505711172991,14.82582696895091,1424.7444712283018,bearing_fault,tampered
0.9527510593330514,39.69280988016671,10.201483532236004,1465.6331553917219,normal,trusted
5.111222709629185,20.077886340300516,9.178215522649872,1562.4731843008049,normal,tampered
3.1982395929673197,15.304743461460859,3.1753853629528095,1451.4270843248603,bearing_fault,tampered
1.8426637361512883,85.32229614016163,22.09613022824385,1403.0227147319854,overload_fault,trusted
3.3256603783913032,54.91821473367444,13.373255141640474,1489.0487017894095,bearing_fault,trusted
2.1281362750544366,75.87422742537596,19.26771790694544,1487.9213839796273,overload_fault,trusted
3.5577645490884287,58.0497779286014,18.970712190869364,1851.336653227494,bearing_fault,tampered
1.5627057929045818,81.16992193967326,19.97528994792874,1432.5341525040799,overload_fault,trusted
2.073980942594761,112.34456395251802,12.151491464199914,1360.652412826842,overload_fault,tampered
1.641068115815901,78.62799219330347,18.186887442859014,1394.0873435068022,overload_fault,trusted
1.234121507215156,37.609267032109926,10.92715966590152,1547.8964287817796,normal,trusted
2.9539400596002148,62.96419439348147,5.073825883406384,1843.8450747319962,bearing_fault,tampered
3.8509143969896114,58.389806987300204,12.555069720071344,1484.786295368564,bearing_fault,trusted
1.745750841286949,76.35784654934781,19.92798147237241,1344.4421045198292,overload_fault,trusted
7.138127264839749,60.8372321518523,13.071852728654873,1855.7681692211909,bearing_fault,tampered
4.209234624074988,38.10023739317922,10.886141871587007,1857.5494549860084,normal,tampered
6.237967944466769,52.42331549408733,18.66568283092094,1507.6031975279016,overload_fault,tampered
0.9256400879045663,44.20355882510169,9.364765166640918,1473.3231424136964,normal,trusted
3.441621585094273,34.163591545396244,20.462166548222857,1507.400779586193,bearing_fault,tampered
2.138535037910863,75.62551052364681,29.251628863412723,1827.6872665963972,overload_fault,tampered
3.2711589669459338,57.84907571427074,11.678690089462117,1539.7982132095062,bearing_fault,trusted
1.0278603867551508,38.630586567325835,11.130010455968804,1487.8416008240513,normal,trusted
3.4793316794934066,68.35541299608307,12.641303714757328,1448.7789468157869,bearing_fault,trusted
3.5428347019597397,57.61902163988025,11.274135957506774,1414.2991701241906,bearing_fault,trusted
3.874426247091782,83.32022616193666,10.510506097668912,1839.648690995892,bearing_fault,tampered
2.607182367578711,60.09224684492461,12.57489191791393,1460.2791920110799,bearing_fault,trusted
1.9077005602449255,78.95514082132031,17.131636016721743,1500.973894864162,overload_fault,trusted
4.051470842473331,57.54517552604336,12.561844418238573,1483.6763110001086,bearing_fault,trusted
0.8206713256216832,38.00612199981061,10.983500574120084,1544.0897048508143,normal,trusted
2.1024158249168226,66.01984773135361,22.38627608165279,927.5890998976856,overload_fault,tampered
3.108769652095225,100.3158043556364,11.059889098965288,1507.420111011772,bearing_fault,tampered
1.630084687967261,80.97186025024459,21.14684250804378,1461.2268571108561,overload_fault,trusted
2.149899346686269,76.44289885702163,26.683380279480705,1044.9362190404504,overload_fault,tampered
2.836923714914791,51.45537761573257,10.6778661019167,1522.4955210796782,bearing_fault,trusted
1.6867432919390428,79.02072970294776,19.054448529879267,1362.91339582487,overload_fault,trusted
0.8978155372977079,46.01052823120403,9.496524412532397,1486.0981991529025,normal,trusted
3.416399676621839,66.04815528515817,12.267617509031114,1388.734159386953,bearing_fault,trusted
2.8005344099387592,63.794004303170055,13.233842460865434,1446.952807003741,bearing_fault,trusted
2.3830264444738996,79.10381559980299,18.942116747421572,1444.2253015690997,overload_fault,trusted
2.175029824831362,85.23703021220905,19.36158538470886,1731.227386722172,overload_fault,tampered
0.926548384112823,41.00752377079907,9.538402902897973,1489.083804071061,normal,trusted
4.501511239116809,60.57392118481205,12.376404571487228,1490.6732499003938,bearing_fault,trusted
3.1736488692765605,59.757324307909904,10.325053685024644,1455.4250838875735,bearing_fault,trusted
3.8557661673379178,55.20381783302503,12.323939642086017,1502.0593553321867,bearing_fault,trusted
2.4537450339993208,73.17583487323145,19.444025119274404,1426.4921284251645,overload_fault,trusted
1.732036998440684,75.30010193022491,27.413297123845513,1758.8573424655435,overload_fault,tampered
2.1561900254763575,73.13110507811987,18.291843658976884,1371.5436898274145,overload_fault,trusted
1.632924826681466,81.20265764315104,18.697078188719676,1417.6523281310444,overload_fault,trusted
0.961144995485608,41.07195826813188,10.440739504714832,1488.9473679845748,normal,trusted
3.476520487852286,62.06517868443811,11.871305761455297,1502.9130739673196,bearing_fault,trusted
1.961476225150608,74.42164770129938,20.367215994682102,1368.466638196806,overload_fault,trusted
1.0219881324666287,35.787192705727755,10.887335849193706,1502.8951370652117,normal,trusted
1.1258743439633732,-0.9100450959147253,8.195859553220766,1806.94089483405,normal,tampered
2.212155206982208,123.18188800758763,17.573532243723662,1400.5573882178821,overload_fault,tampered
0.797728321913823,39.973615931543286,10.488675933128683,1490.5361205468826,normal,trusted
3.2674138732628295,83.68861515993763,10.736747382187302,1875.4877123670249,bearing_fault,tampered
1.4014305118649828,74.24792524337087,19.832752753034086,1369.8319613510334,overload_fault,trusted
3.9091240428812393,47.179615642634644,11.21348488600092,1493.305688468016,bearing_fault,trusted
1.7457955656956554,83.05230401336908,21.603041229477046,1284.2258279789144,overload_fault,trusted
0.9526473852568492,40.36353384789839,9.881542076361796,1510.0411891402412,normal,trusted
1.7257885722279869,76.7724421521803,18.82265504149027,1377.2332705872816,overload_fault,trusted
3.1007013225874274,90.83124833081607,12.637152415310487,1489.2863774570212,bearing_fault,tampered
0.6920009870882443,40.54109182907919,8.275181565960015,1487.1999125023826,normal,trusted
1.010034529289267,36.509578600623186,10.895517729598705,1469.3379187561297,normal,trusted
0.9784466303402249,36.03237660012496,9.638439216117193,1490.913508902898,normal,trusted
1.0263996020766117,40.35767758338218,9.469838873315789,1492.5171098352516,normal,trusted
1.4683212324477326,76.52210143616027,18.772099442897396,1847.9083321263101,overload_fault,tampered
1.0108701888282094,38.75658080249242,9.756458589714667,1496.9257512488705,normal,trusted
-1.9345047488180056,71.12776038925315,10.129329909103642,1529.675565132407,normal,tampered
7.983296574663656,53.14738391167872,12.844880026233138,1473.5706547823274,bearing_fault,tampered
3.4525420395426547,60.928028209048904,10.935462975244002,1439.2990291740127,bearing_fault,trusted
2.912246669677457,57.47794479432164,12.209682634308948,1488.232881308665,bearing_fault,trusted
4.0479744125952974,62.602072491703055,11.61849398029629,1438.4158273402063,bearing_fault,trusted
2.5612708386341665,106.08577894397115,12.17107906341814,1461.9667192535508,overload_fault,tampered
3.7494544982702087,56.36128791666618,12.45568991855492,1501.8957120857356,bearing_fault,trusted
1.7956788965699126,46.83019032375962,29.42993883374517,1384.1964420099741,overload_fault,tampered
0.7955080449223113,38.7768076851867,16.828374105349127,1899.9675616572786,normal,tampered
3.491424914533467,50.17236386265781,11.604556205686015,1418.532789991157,bearing_fault,trusted
2.224072585315043,68.14718850220228,19.43822454054579,1432.2229411282628,overload_fault,trusted
1.795799336825047,108.62932752715179,11.771385508205327,1326.447481783193,overload_fault,tampered
3.845980010874175,58.46132800071589,11.391651399967543,1514.3088669749968,bearing_fault,trusted
0.9555555268406671,6.869873198755911,17.457676578878786,1520.6447586210345,normal,tampered
3.3535202132326503,63.55077057941339,11.540122184262978,1460.1539518381771,bearing_fault,trusted
3.9340917020075423,51.35405434099965,5.34831009854088,1899.4410270422131,bearing_fault,tampered
1.0839036078033866,41.081775032970526,9.355205112934563,1495.8340022689956,normal,trusted
0.8752019072511406,36.74890351792582,10.90615185641567,1534.3066805085139,normal,trusted
3.984990258794907,63.24489632777876,4.956801269914871,1453.9262664863677,bearing_fault,tampered
0.8901812660984889,42.13593106897316,9.59407953887966,1570.463625917811,normal,trusted
2.2654799785892346,50.566501754413096,29.637676237716466,1421.2775499443903,overload_fault,tampered
1.574084785047071,79.35565616453431,19.79962710503893,1290.580886640184,overload_fault,trusted
3.377249333865412,56.67997753866102,12.453080074687763,1532.2783154775852,bearing_fault,trusted
1.9698158712004616,90.71057106716387,21.347257736984986,1376.7092542679843,overload_fault,trusted
3.7033104410422886,64.2106930931379,11.062850793486867,1479.6686950002656,bearing_fault,trusted
6.365593076705687,59.99335197409491,20.975203543370426,1344.5402345761604,overload_fault,tampered
2.6396913662814154,79.18187883279147,22.606024860173804,1376.655785295878,overload_fault,trusted
3.390394111418248,56.92218312668709,11.424980303545587,1436.6655028305956,bearing_fault,trusted
3.3227797307312184,55.36095426820053,11.54455633733035,1436.1174390705041,bearing_fault,trusted
1.112502750609971,83.59918934103251,10.121271875855617,1472.6600127701026,normal,tampered
-1.149954399258356,74.90102149254703,20.90815552869558,1085.354911634186,overload_fault,tampered
1.8625370377341535,87.3418880129442,14.03579409637797,1334.6107500531814,overload_fault,tampered
3.454467072848608,66.84212664256923,13.265943584148598,1483.199439225848,bearing_fault,trusted
2.573935589307804,70.53862392753467,11.26660566532195,1430.929597169338,bearing_fault,trusted
0.9589190873603342,41.37911786504496,9.844016091104171,1505.9677865106878,normal,trusted
0.9374412497635258,40.98983061597179,10.221566940175492,1481.7155648999142,normal,trusted
3.607515876111926,67.5716270430189,11.301083662593328,1443.6868765244494,bearing_fault,trusted
2.0400706743674384,37.472213103220625,25.271708329686135,1510.7777874669082,overload_fault,tampered
0.9163091412039668,38.91618872498967,10.820278427406205,1505.6671778549774,normal,trusted
1.0197268843572762,39.080303136138824,9.956236450520583,1531.1144113141627,normal,trusted
3.6633127558574845,64.26052712254295,12.606230205884346,1437.620389096884,bearing_fault,trusted
3.52264868033716,58.40765139615745,11.77188481828436,1420.5148181396037,bearing_fault,trusted
1.077698162885137,40.397039519208015,10.209136330183975,1471.5459091375938,normal,trusted
3.6127073915073757,57.52326080751972,11.124699189837685,1435.2222581787105,bearing_fault,trusted
3.4785753313755423,61.7976687288161,11.589950382636161,1472.2410015534872,bearing_fault,trusted
4.822735044384676,21.261086377527874,10.058925275993756,1510.8980595192581,normal,tampered
2.0606517490964222,76.3519114262723,19.126095849655652,1398.7733954953899,overload_fault,trusted
1.8025131828121688,78.6173070433584,20.92594112099234,1401.644346443718,overload_fault,trusted
4.187389263750833,57.54551929958931,9.658306959143555,1376.9524680705065,bearing_fault,trusted
3.6975737989973703,52.29392377219589,10.977050071819288,1500.4254870885034,bearing_fault,trusted
3.790812544675538,57.80208642513776,10.142613166285086,1464.5214994300088,bearing_fault,trusted
5.959387053374978,81.30944377726037,19.941967599379566,1349.6996623981433,overload_fault,tampered
2.8968622079529784,97.3872791107682,11.78290127593949,1868.6663265960021,bearing_fault,tampered
1.9771756110650003,109.21026128034829,20.537458158793886,1048.5345972263738,overload_fault,tampered
3.0349166493459627,51.31969122472297,12.752784437364372,1473.5251406978907,bearing_fault,trusted
-0.8770231685441914,59.16831871702663,12.672762768166622,1435.8908994295327,bearing_fault,tampered
3.2706379905748735,55.90807465192038,11.599767190094143,1530.1804451554272,bearing_fault,trusted
3.501302527167281,55.61396685527568,12.254190676557657,1448.4748175178888,bearing_fault,trusted
3.241726377315255,55.90107811241592,11.149056776188429,1651.1620819227269,bearing_fault,trusted
2.0594117480722196,74.72986392049938,27.169600025125952,1483.9477865736264,overload_fault,tampered
1.8738737854962237,68.87324232368981,27.17310012907974,1071.3039021939333,overload_fault,tampered
3.0623311112530844,63.774426553628416,13.0855361331812,1381.802156253305,bearing_fault,trusted
1.08450284141478,2.7739597253307764,9.653258412174793,1884.7163018895208,normal,tampered
0.9852778435005848,41.35761525693878,9.072128571386427,1537.0493485649636,normal,trusted
1.5883543855640063,72.04061129991925,19.86916897175421,1410.4513712974883,overload_fault,trusted
1.8898894682208347,78.87599255138493,21.22393573902299,1371.3251053075114,overload_fault,trusted
2.6871026475076665,60.97873953355858,12.42141090704854,1527.3965543598529,bearing_fault,trusted
2.339011983886841,87.87603196192671,20.761450136760036,1450.8327317272824,overload_fault,trusted
1.7715924100227871,85.94569915241992,18.636885015970666,1361.7063968805094,overload_fault,trusted
1.9636857072013068,82.70450727950163,18.276997451142478,1517.3101083706931,overload_fault,trusted
2.6526099058890624,56.31081334324869,12.525320968053052,1454.1397251500803,bearing_fault,trusted
2.063110813996135,79.65589324448999,19.01622636674216,1419.0524469777952,overload_fault,trusted
1.8327533836869363,122.26602951481854,20.03474953446474,1412.7752917189905,overload_fault,tampered
3.895536640020639,60.391403503650885,12.230772794955277,1487.361831054239,bearing_fault,trusted
0.9926001616952151,35.89673830360882,1.446388040614229,1510.9607962566322,normal,tampered
2.367277061643795,77.88359528580105,19.827876887464658,1424.8826664926394,overload_fault,trusted
5.092665377282301,21.184433813438275,9.704435729741002,1466.9273157532966,normal,tampered
0.7976238218519078,37.60635170914451,9.924027751525863,1557.4931102702683,normal,trusted
1.6158360267237886,76.75044700135331,27.924426991774386,1830.4789615077746,overload_fault,tampered
2.9592798981148185,58.22093917479793,11.321322338104022,1456.353793676527,bearing_fault,trusted
2.264738345019742,85.39156994524723,18.824859667938856,1451.3727661761693,overload_fault,trusted
4.782241744443274,44.98834401110848,20.199509872982148,1402.7695541686066,overload_fault,tampered
1.7382211909359009,87.12073690110796,20.112484447869242,1475.3166973282907,overload_fault,trusted
3.609002480872939,57.538208965810604,12.818027753723772,1451.4135903743495,bearing_fault,trusted
3.146604965133863,63.3054512880129,10.898585788819217,1453.4338559747766,bearing_fault,trusted
0.8263465033092295,43.148018831630225,10.328169612543642,1577.3724307087634,normal,trusted
5.000959283545858,22.876419968032884,11.298378758903505,1461.2905267731273,normal,tampered
0.9081357667084344,42.586000151236405,10.50673723282188,1474.2304409211583,normal,trusted
-1.7172238685624461,69.1309387682574,18.43076655727223,1325.699483766544,overload_fault,tampered
2.2382175393581365,81.21757568052713,23.39176029291218,1370.5139508071054,overload_fault,trusted
1.1934292572960987,40.94423891676876,1.4972737770425084,1478.4057173685828,normal,tampered
2.8018155746851905,52.55370939930849,11.850766914820012,1442.1388780676398,bearing_fault,trusted
2.4168035362415163,88.7658951914554,19.48307044091363,1343.019889179752,overload_fault,trusted
3.806829227185117,53.96443239679339,12.467135877905253,1472.5721926200822,bearing_fault,trusted
0.9659081193567061,39.04398072826959,1.9370113662084982,1483.4849123297504,normal,tampered
0.8988123675648555,42.01023772660657,10.381628101781166,1465.2503617258121,normal,trusted
0.9433868759633998,39.23003765080074,10.185328355389213,1472.4971305716028,normal,trusted
2.112145567629154,82.74459303938767,23.021585349802937,1454.3598921389437,overload_fault,trusted
5.129774056355424,21.4636500260587,9.824324808592992,1510.4276611938944,normal,tampered
1.0275053648938082,37.22040066652855,9.926767984465434,1490.9867580381574,normal,trusted
1.535280794043166,77.00876927561086,19.274504656793155,1449.0232911444673,overload_fault,trusted
1.5086319599716655,77.45019868825858,28.82472067055698,1883.3662106162471,overload_fault,tampered
2.0599308003967383,36.63505292147896,18.872236290034582,1328.5348326417738,overload_fault,tampered
1.225256377039797,40.70586912750961,16.465300253360375,1825.5611556098,normal,tampered
2.0835195397618462,65.9497293786641,17.669664107330263,1495.707907396279,overload_fault,trusted
3.4658066756344783,65.09453024347653,12.549190494233033,1429.3320799824155,bearing_fault,trusted
2.284276870224362,90.46499899147372,18.628462165731136,1455.8646102838584,overload_fault,trusted
-2.006713451845432,38.667635636903455,15.934684191954013,1522.5451918003193,normal,tampered
3.010580052817071,56.281356642310726,11.198906707664563,1498.2641322674322,bearing_fault,trusted
2.4588060362320445,78.77079717474464,18.853765245040652,1365.4680182937607,overload_fault,trusted
3.3550695817578533,58.39235039088506,12.2820719962273,1436.3070278782889,bearing_fault,trusted
1.7430013835115232,66.40616426184499,20.30023363263279,1413.9043335912409,overload_fault,trusted
4.107930562992983,9.111649694183043,13.144540139307894,1475.9137199188071,bearing_fault,tampered
1.0514758469352639,40.21040655509838,18.143829961976337,1847.1186012632543,normal,tampered
4.215415250985453,57.81826938166548,12.256548221854166,1439.8867657632627,bearing_fault,trusted
2.0053635297525205,79.91298530622524,20.365479087521244,1409.0003566057949,overload_fault,trusted
0.9136623720058251,41.842811315071195,9.428944402225031,1535.7427801226697,normal,trusted
1.7644841408596763,79.53241866762852,22.076694327229756,1467.7189083645808,overload_fault,trusted
1.7287635778873696,90.18218064601861,17.42701216031183,1294.2481466940337,overload_fault,trusted
1.909782310344874,71.64307242985238,17.242798297317087,1536.3671898685152,overload_fault,trusted
0.8436817459798642,41.03717973940474,9.9306362393263,1513.3008154667014,normal,trusted
4.070698726345236,50.696373470140244,12.562299844726137,1488.0786725912153,bearing_fault,trusted
1.040508945855872,39.8221520619222,9.968234974122417,1480.9676018476546,normal,trusted
2.907382532701188,46.0163211527638,4.052016109262327,1488.719066515263,bearing_fault,tampered
2.0578636067075675,75.98132458599812,18.81251044042695,1244.29386703626,overload_fault,trusted
2.8888917608995457,89.14663588536203,12.935020190732585,1095.733413327063,bearing_fault,tampered
2.149700269189083,76.76068747677256,20.264096995573766,1402.7866597098769,overload_fault,trusted
-0.1898141145237271,52.99183098420213,12.44060592071569,1448.3432513788853,bearing_fault,tampered
2.7384029700561343,58.949181971762386,11.03013197718906,1478.722835748473,bearing_fault,trusted
1.192510523382057,41.098628793351814,11.260066262086985,1516.2923870958198,normal,trusted
6.8769119912191154,28.671085150829242,11.512037143652298,1520.8938492512823,bearing_fault,tampered
0.9917034478328632,36.41392307710569,10.465480351445663,1526.3505258502107,normal,trusted
3.113888849553566,58.07194846576116,11.956453430635108,1508.2776115306108,bearing_fault,trusted
1.0065224302468458,43.022532312959676,10.436258609573649,1496.2012178560194,normal,trusted
1.5112151591257432,68.3773670684598,22.871550915585633,1358.7641492621988,overload_fault,trusted
3.9918564829349266,48.94777147820844,11.9475542335045,1482.3496006227394,bearing_fault,trusted
0.8492734248558355,41.55097141648343,2.7042394038329807,1160.5393659998208,normal,tampered
2.0676940777133566,86.28230840436714,18.920209955015903,1418.8752919792678,overload_fault,trusted
3.4910431812512597,55.73121132618627,13.444475299373092,1481.1606079821402,bearing_fault,trusted
2.1111922691810614,69.60944879570492,19.009327729088728,1501.8577461098075,overload_fault,trusted
7.0330033940324395,31.304815270304175,10.745252521685828,1466.0717634804225,bearing_fault,tampered
1.1240571329678772,14.801422101933717,20.07114843271143,1517.684363057647,normal,tampered
2.9522795002826516,58.815351039663504,11.955242358764204,1467.7925576942387,bearing_fault,trusted
2.530636177609597,67.26195586567127,19.019454239326233,1372.4282619407343,overload_fault,trusted
1.0853471895751425,37.919481506283155,10.953111712233131,1475.4035764062578,normal,trusted
0.24284726521862687,52.709014488289654,10.292555775337505,1111.7717546210818,bearing_fault,tampered
4.5774020027178075,40.98223328559262,11.555809790120392,1487.8065477128187,normal,tampered
1.7608121951226818,83.12731174999846,17.443335325411006,1450.9655258279752,overload_fault,trusted
0.9656501519733169,38.81628144439182,10.105499050496922,1496.7094689070195,normal,trusted
0.9450760682851809,41.252415876226046,10.390934819573845,1464.6195878750289,normal,trusted
3.368259602419675,21.697768581147322,18.5256331855935,1449.8836069067793,bearing_fault,tampered
1.0764287540046653,36.55950375349768,10.384267436705104,1523.6815093121784,normal,trusted
5.896831227351852,62.420281754701506,10.658943262042216,1866.6557944625092,bearing_fault,tampered
0.8499621353292224,35.77009089074837,10.564775797359053,1471.2357646257356,normal,trusted
3.7434999284703294,36.630466053736114,10.612947173480228,1163.3720151061875,normal,tampered
4.908042158046115,17.939187135002463,9.683485156699199,1526.535747602986,normal,tampered
1.0374411365861493,40.11168350926473,9.07045247489593,1491.7697273684948,normal,trusted
1.410350488398395,75.28676764165404,20.059641438914447,1337.4999933943982,overload_fault,trusted
6.5680448199969765,56.676347905531976,14.057802234585402,1454.6112646187937,bearing_fault,tampered
4.013815764100937,4.811579830568135,10.967616561954308,1401.5678552272893,normal,tampered
3.092615976755945,52.98846116674701,12.177651376621302,1476.6728073056213,bearing_fault,trusted
1.019222871198049,38.11454580958963,10.466486508526195,1555.138182730244,normal,trusted
1.8214316988996593,55.84133238164141,29.939052615062277,1401.6945874962055,overload_fault,tampered
1.0559594526604499,42.5852754826101,9.909567703302892,1869.6601674026826,normal,tampered
3.603409736102902,104.54740170233362,12.497578274694195,1495.8519122615303,bearing_fault,tampered
1.0721310204897152,74.48630176772302,16.325493873590602,1530.404593633109,normal,tampered
2.9860089500168363,56.19930968211493,12.583468126631814,1533.1623140055044,bearing_fault,trusted
1.168897823357646,37.812139190879016,10.353963683975769,1549.396094505685,normal,trusted
0.9129728722557096,40.39308134858026,9.377915257801387,1501.612034850199,normal,trusted
3.4262189742631692,55.812133465079356,12.791130967197558,1491.5828245641123,bearing_fault,trusted
1.7356653250398677,77.16358350276681,18.523487350679343,1352.823047587937,overload_fault,trusted
2.551817666658441,84.62212002570895,17.171303968274643,1442.7870635304885,overload_fault,trusted
0.8763023535674616,43.97544018662452,7.789859595461005,1527.3413421828309,normal,trusted
3.053194333147525,58.99385338744359,12.11138506133108,1480.4371878882864,bearing_fault,trusted
4.48654033198673,37.73337784377841,8.58303612928651,1488.568183325127,normal,tampered
2.067727202925426,85.13213190965622,16.80792129605294,1501.9840473673794,overload_fault,trusted
1.9814006571892882,79.29874226072181,30.13819625987414,1812.8573505954444,overload_fault,tampered
0.9861598006231197,43.69593820979507,10.43401235482844,1098.532870623883,normal,tampered
1.8085716596977937,71.32509931065773,20.33017751926605,1417.08922609586,overload_fault,trusted
5.005492001879414,38.60864226432312,19.848341099742118,1465.6779140896776,overload_fault,tampered
4.619746045980873,55.07407961736667,12.43118312603923,1386.509092115149,bearing_fault,trusted
3.4465557242021636,62.1591572604819,11.613037402694568,1462.753187364176,bearing_fault,trusted
1.675346235130644,69.36331477979621,17.527333328358047,1362.7259633459666,overload_fault,trusted
3.731518995000988,91.45872044327461,12.44201789970828,1102.6397623035657,bearing_fault,tampered
1.0739175307090594,37.741324248314136,10.226454870407991,1491.5083333409905,normal,trusted
1.0243356732277336,36.212832103428504,8.048600289141907,1438.354870837511,normal,trusted
2.0919801529357467,73.45331659611023,18.031876857251163,1389.71275746948,overload_fault,trusted
2.0456578645315715,74.67303753422613,11.279411444691313,1079.8707872305442,overload_fault,tampered
3.214100521241478,60.91373220329049,10.678428787800454,1488.3758210748736,bearing_fault,trusted
1.8765719334121194,76.91551915131065,18.979022428790593,1342.9430491993235,overload_fault,trusted
3.155447352713459,59.880476837769955,11.547131314620865,1529.4227118367073,bearing_fault,trusted
3.517785742622739,57.09813873735847,20.42451213443134,1547.844325255948,bearing_fault,tampered
3.274631902237208,64.2555474115609,12.16388076907604,1526.1225112816155,bearing_fault,trusted
2.298552224960099,67.38122093927326,18.96047851330272,1426.3251624162895,overload_fault,trusted
2.079457852716837,71.10918015374995,18.42171169801048,1461.3266293409388,overload_fault,trusted
1.8985090347680085,82.96845595528902,27.986563155404372,1431.4539635397668,overload_fault,tampered
1.9497275486767356,85.63692482237452,21.921159974214756,1428.1713307770308,overload_fault,trusted
3.535038599127355,56.17393232580582,19.631912890713433,1919.066706504048,bearing_fault,tampered
0.9886884934896931,42.9216823846522,10.00878841082202,1496.9232729420776,normal,trusted
7.605505936902016,48.82571297382836,11.527980386717985,1520.6134889505781,bearing_fault,tampered
4.054852778376541,47.89630068079291,10.67564696723782,1099.7993212649135,bearing_fault,tampered
1.0618492483480972,43.54759222525797,9.568371854463088,1543.7157943905722,normal,trusted
2.084069834441959,85.68592607503574,21.944387619405212,1471.1788178154434,overload_fault,trusted
3.396108118294492,59.70311014245605,12.380934946848571,1507.9252721027863,bearing_fault,trusted
3.8294006449450277,60.076199612808104,21.519083676732883,1965.903303739344,bearing_fault,tampered
1.6717690871450042,76.8955327155161,20.71558050412731,1476.3700465911409,overload_fault,trusted
4.148852248946323,56.56981268881443,20.73123040188024,1922.9520066754167,bearing_fault,tampered
1.0738308120362274,46.97733937564506,8.734266387098465,1516.98561490721,normal,trusted
2.438244068228962,48.10588225901978,28.717943246040658,1492.7751635008913,overload_fault,tampered
2.6579201508883608,56.67614114547633,12.445212710247018,1481.6626442827537,bearing_fault,trusted
1.8540510852206702,79.50967351860214,18.411588588387982,1392.0720712655045,overload_fault,trusted
3.36041842705847,57.0939008684726,11.475623333062016,1478.7307852272295,bearing_fault,trusted
3.323035545272021,60.78279564046662,10.68799998542221,1479.7507272896737,bearing_fault,trusted
1.0061370470262594,34.80037269037305,11.040926678921625,1510.6552432984836,normal,trusted
1.9817929397205256,80.6406642195937,17.86720823348767,1884.7709759498894,overload_fault,tampered
2.13505819169343,76.29075700177518,19.722854419984476,1360.7337697733924,overload_fault,trusted
1.772517079123098,72.40087760625931,20.530049879040558,1426.4259468289172,overload_fault,trusted
1.19811135186775,38.551629523826065,10.812412173186344,1521.8464495364337,normal,trusted
3.380676512669465,59.799128331434446,12.439707388414638,1512.6532429882825,bearing_fault,trusted
0.927010246336106,37.19103617486412,9.591298329336682,1912.690754989381,normal,tampered
2.1387949688736905,81.30247913814776,19.085420114980042,1454.8387337812194,overload_fault,trusted
-0.5108434310302239,112.96284383294038,19.767168818659684,1349.297147010012,overload_fault,tampered
3.2543686416181794,54.133521434970035,12.572765628418958,1912.9531680971277,bearing_fault,tampered
2.2279824246142543,83.79204775388438,21.989277445144367,1452.5080878330957,overload_fault,trusted
4.6169702178103895,40.971156686737196,10.638287360223416,1478.1869785793854,normal,tampered
1.0743005340370473,38.12919793222536,10.045197353594586,1504.094308190836,normal,trusted
2.1429638927715997,79.84231744227392,20.02825456782005,1361.6853213248571,overload_fault,trusted
1.061955708652174,37.590279724144885,9.44658420559815,1496.0129262431421,normal,trusted
4.016627403095759,56.035155679413656,3.6180632849161825,1524.3182799420217,bearing_fault,tampered
0.9182884546715271,44.31333081974939,10.03724597866229,1490.1743309702251,normal,trusted
1.9593388619755165,62.53919703094945,30.22802076767388,1379.857349095138,overload_fault,tampered
0.9968964582455372,38.553302563891236,9.125683807121,1468.857338579598,normal,trusted
4.037080282730284,37.58224666414692,10.577819317742401,1152.378948990727,normal,tampered
0.9749094346944398,59.31180179301508,10.111052572957334,1145.507710089517,bearing_fault,tampered
-2.8244581216088007,38.50982589161888,9.55223978308015,1556.825551229051,normal,tampered
3.65223772387278,68.35199304455311,13.209215392684461,1468.997702461449,bearing_fault,trusted
1.8728829597905226,84.90955023794189,20.624227335911293,1417.6245170631662,overload_fault,trusted
1.9706581232137539,75.41688101286839,19.670659497614007,1439.8015318108053,overload_fault,trusted
2.3652023844221577,48.50267518286218,32.8781848959121,1448.238800362567,overload_fault,tampered
3.691854627084716,53.814831733880546,12.76333411238449,1446.2833695571373,bearing_fault,trusted
3.667821102887585,93.99207787453682,12.000474986366523,1786.0236708104824,bearing_fault,tampered
1.201817994316099,35.238705097605276,10.63112630670659,1458.4063900890606,normal,trusted
2.0868081873848197,70.31969895268946,28.255901015826,1448.0461474698523,overload_fault,tampered
3.333977516442136,69.72866519480503,11.834090144898921,1480.4592426327683,bearing_fault,trusted
0.9532228236213078,40.018050041308214,9.92730325629923,1540.1889748580595,normal,trusted
2.0635096278409435,71.45082326060651,19.845914001931806,1361.508873548094,overload_fault,trusted
1.8579334036074855,81.52776567847866,19.995791221262337,1312.0279289675004,overload_fault,trusted
1.3779600930023925,76.60703259194675,20.31391505116869,1109.5554269701104,overload_fault,tampered
-0.9446121892543307,53.787944839016106,11.995814244368237,1486.1483191371435,bearing_fault,tampered
3.553760898681174,55.04944773921281,10.736249680593478,1493.6278849492774,bearing_fault,trusted
1.1813474119932066,37.31737794406157,8.624671092899163,1459.063649913241,normal,trusted
3.3628338422146777,58.71650584323848,13.38604432038608,1464.0921328069553,bearing_fault,trusted
0.9648170096021486,37.49182865546264,10.771640545791467,1517.8548550464704,normal,trusted
3.8496866648659926,97.35234807031304,12.35595468025181,1477.2751915825754,bearing_fault,tampered
3.4016674078588633,63.41171527217624,11.807312373913172,1511.3911953086397,bearing_fault,trusted
2.237720339717121,83.19217775596137,19.675103852108816,1421.3027496545544,overload_fault,trusted
0.9949843326549385,10.20450440396015,20.360869826963057,1512.6350386271004,normal,tampered
1.1873423839811779,71.83120377512799,4.469516135863211,1494.5377774712333,normal,tampered
4.08372445404048,58.985516254356014,13.062533516309918,1483.6693833982736,bearing_fault,trusted
1.012893844323678,15.044657625622783,20.195951381635574,1513.3591687067865,normal,tampered
-1.6701839398464788,84.30418034039516,22.517493275692928,1351.581774494165,overload_fault,tampered
2.4029381665201686,67.85632558154396,21.312114565027134,1476.6541131849526,overload_fault,trusted
